id,nos,conjunto,portas,levels_back,n_var,n_saidas,nmax,n_filhos,modo_mutacao,avaliar_invalidos,saida_pode_ser_entrada,levels_back_aplicado_as_saidas,fitness_max,primitivas,n,sucessos,hits,hits_ic95,seeds,fitness_percentual,profundidade,tempo_busca_ou_legado,mes,mediana_portas_bootstrap_ic95,limites,rotulo,horizonte_avaliacoes
145717b58378,40,K4_AND_OR_NOR_XOR,"{""n"": 26, ""min"": 14.0, ""max"": 22.0, ""media"": 18.76923076923077, ""mediana"": 19.0, ""desvio_padrao"": 2.065094521956655, ""q1"": 17.0, ""q3"": 20.75, ""p90"": 21.0, ""p95"": 21.75, ""modas"": [19.0], ""ocorrencias_moda"": 7, ""iqr"": 3.75}",FULL,4,7,20000,4,SINGLE_ATIVO_DIRETO,False,True,False,70,and | or | nor | xor,27,26,96.29629629629629,"[81.71653406642416, 99.3431854019215]","[20, 21, 22, 23, 24, 25, 26, 27, 28, 29, 30, 31, 32, 33, 34, 35, 36, 37, 38, 39, 40, 41, 42, 43, 44, 45, 46]","{""n"": 27, ""min"": 98.57142857142857, ""max"": 100.0, ""media"": 99.94708994708995, ""mediana"": 100.0, ""desvio_padrao"": 0.2749286996141079, ""q1"": 100.0, ""q3"": 100.0, ""p90"": 100.0, ""p95"": 100.0, ""modas"": [100.0], ""ocorrencias_moda"": 26, ""iqr"": 0.0}","{""n"": 26, ""min"": 5.0, ""max"": 9.0, ""media"": 6.576923076923077, ""mediana"": 6.5, ""desvio_padrao"": 1.1374735838014673, ""q1"": 6.0, ""q3"": 7.0, ""p90"": 8.0, ""p95"": 8.0, ""modas"": [6.0], ""ocorrencias_moda"": 8, ""iqr"": 1.0}","{""n"": 27, ""min"": 22.178258900006767, ""max"": 26.38114929999574, ""media"": 24.761951618518516, ""mediana"": 25.337676299997838, ""desvio_padrao"": 1.326735174598388, ""q1"": 23.937334249989362, ""q3"": 25.63437040000281, ""p90"": 26.216770500002895, ""p95"": 26.322649650007953, ""modas"": [22.178258900006767, 22.58372500000405, 22.622353500017198, 22.706126400007633, 22.86156449999544, 23.09877929999493, 23.92498959999648, 23.949678899982246, 24.09933940001065, 24.337731000006897, 24.722138099983567, 25.047798399988096, 25.235536399995908, 25.337676299997838, 25.377527500008, 25.4731811999809, 25.486912799999118, 25.587043800012907, 25.607538799988106, 25.624087100004544, 25.644653700001072, 25.909916300006444, 25.97531270000036, 26.203522099996917, 26.23664310001186, 26.359509600006277, 26.38114929999574], ""ocorrencias_moda"": 1, ""iqr"": 1.6970361500134459}",22631.0,"[17.0, 20.0]","{""14"": {""sucessos"": 1, ""total"": 27, ""percentual"": 3.7037037037037037, ""ic95"": [0.6568145980785132, 18.283465933575844]}, ""15"": {""sucessos"": 1, ""total"": 27, ""percentual"": 3.7037037037037037, ""ic95"": [0.6568145980785132, 18.283465933575844]}, ""18"": {""sucessos"": 10, ""total"": 27, ""percentual"": 37.03703703703704, ""ic95"": [21.532512960965605, 55.77076558789762]}, ""22"": {""sucessos"": 26, ""total"": 27, ""percentual"": 96.29629629629629, ""ic95"": [81.71653406642416, 99.3431854019215]}}",40 nós | LB FULL | K4_AND_OR_NOR_XOR,80001
51eb10cb816d,40,K4_OR_NAND_NOR_XOR,"{""n"": 25, ""min"": 15.0, ""max"": 22.0, ""media"": 17.68, ""mediana"": 17.0, ""desvio_padrao"": 1.7009801096230766, ""q1"": 16.0, ""q3"": 19.0, ""p90"": 19.6, ""p95"": 20.799999999999997, ""modas"": [16.0, 17.0], ""ocorrencias_moda"": 6, ""iqr"": 3.0}",FULL,4,7,20000,4,SINGLE_ATIVO_DIRETO,False,True,False,70,or | nand | nor | xor,27,25,92.5925925925926,"[76.63040731697686, 97.94453459390114]","[20, 21, 22, 23, 24, 25, 26, 27, 28, 29, 30, 31, 32, 33, 34, 35, 36, 37, 38, 39, 40, 41, 42, 43, 44, 45, 46]","{""n"": 27, ""min"": 98.57142857142857, ""max"": 100.0, ""media"": 99.8941798941799, ""mediana"": 100.0, ""desvio_padrao"": 0.3812575090597318, ""q1"": 100.0, ""q3"": 100.0, ""p90"": 100.0, ""p95"": 100.0, ""modas"": [100.0], ""ocorrencias_moda"": 25, ""iqr"": 0.0}","{""n"": 25, ""min"": 5.0, ""max"": 10.0, ""media"": 6.72, ""mediana"": 6.0, ""desvio_padrao"": 1.5416441439796236, ""q1"": 6.0, ""q3"": 7.0, ""p90"": 9.0, ""p95"": 9.799999999999997, ""modas"": [6.0], ""ocorrencias_moda"": 7, ""iqr"": 1.0}","{""n"": 27, ""min"": 21.11867359999451, ""max"": 26.545621699973708, ""media"": 24.005586503705235, ""mediana"": 24.61113820000901, ""desvio_padrao"": 1.5365803242195788, ""q1"": 22.51610670000082, ""q3"": 25.023715849994915, ""p90"": 25.70985564001021, ""p95"": 25.809728760001597, ""modas"": [21.11867359999451, 21.577624400000786, 21.744026700005634, 21.799019700003555, 21.90515370000503, 22.11159439999028, 22.144850100012263, 22.887363299989374, 23.60624470000039, 23.658381599991117, 24.02078010002151, 24.462675600021612, 24.542470899992622, 24.61113820000901, 24.631665699998848, 24.66927929999656, 24.747612900013337, 24.815722400002414, 24.83925590000581, 24.960986599995522, 25.086445099994307, 25.162698200001614, 25.231894600001397, 25.691749400022672, 25.737014999991516, 25.84089180000592, 26.545621699973708], ""ocorrencias_moda"": 1, ""iqr"": 2.507609149994096}",27025,"[17.0, 18.0]","{""14"": {""sucessos"": 0, ""total"": 27, ""percentual"": 0.0, ""ic95"": [0.0, 12.455502974186704]}, ""15"": {""sucessos"": 1, ""total"": 27, ""percentual"": 3.7037037037037037, ""ic95"": [0.6568145980785132, 18.283465933575844]}, ""18"": {""sucessos"": 18, ""total"": 27, ""percentual"": 66.66666666666667, ""ic95"": [47.82476050732008, 81.35673850128435]}, ""22"": {""sucessos"": 25, ""total"": 27, ""percentual"": 92.5925925925926, ""ic95"": [76.63040731697686, 97.94453459390114]}}",40 nós | LB FULL | K4_OR_NAND_NOR_XOR,80001
65784a752499,40,K4_OR_NAND_NOR_XNOR,"{""n"": 24, ""min"": 14.0, ""max"": 22.0, ""media"": 17.75, ""mediana"": 17.5, ""desvio_padrao"": 1.799758437897322, ""q1"": 17.0, ""q3"": 19.0, ""p90"": 19.0, ""p95"": 20.699999999999996, ""modas"": [17.0, 19.0], ""ocorrencias_moda"": 7, ""iqr"": 2.0}",FULL,4,7,20000,4,SINGLE_ATIVO_DIRETO,False,True,False,70,or | nand | nor | xnor,27,24,88.88888888888889,"[71.94219918172018, 96.14796517169015]","[20, 21, 22, 23, 24, 25, 26, 27, 28, 29, 30, 31, 32, 33, 34, 35, 36, 37, 38, 39, 40, 41, 42, 43, 44, 45, 46]","{""n"": 27, ""min"": 98.57142857142857, ""max"": 100.0, ""media"": 99.84126984126983, ""mediana"": 100.0, ""desvio_padrao"": 0.45750901087167817, ""q1"": 100.0, ""q3"": 100.0, ""p90"": 100.0, ""p95"": 100.0, ""modas"": [100.0], ""ocorrencias_moda"": 24, ""iqr"": 0.0}","{""n"": 24, ""min"": 4.0, ""max"": 9.0, ""media"": 6.458333333333333, ""mediana"": 6.0, ""desvio_padrao"": 1.350657381543832, ""q1"": 5.0, ""q3"": 8.0, ""p90"": 8.0, ""p95"": 8.0, ""modas"": [5.0, 6.0, 8.0], ""ocorrencias_moda"": 6, ""iqr"": 3.0}","{""n"": 27, ""min"": 21.21116350000375, ""max"": 26.336824799975147, ""media"": 24.031387240740177, ""mediana"": 24.268672099977266, ""desvio_padrao"": 1.533673628993762, ""q1"": 23.23504280000634, ""q3"": 25.2171992000076, ""p90"": 25.928880059998484, ""p95"": 26.15344961001538, ""modas"": [21.21116350000375, 21.39777739997953, 21.67046009999467, 22.017207800003234, 22.093005900009302, 22.160921699978644, 23.07502600000589, 23.39505960000679, 23.436199099989608, 23.455229000013787, 23.676724399992963, 23.89277080001193, 24.06898470001761, 24.268672099977266, 24.374187000008533, 24.53780160000315, 24.54814339999575, 24.59802179998951, 24.815147299988894, 24.904921300010756, 25.529477100004442, 25.60360080000828, 25.68431209999835, 25.847416699980386, 26.051075100025628, 26.197324400010984, 26.336824799975147], ""ocorrencias_moda"": 1, ""iqr"": 1.9821564000012586}",31541.0,"[17.0, 19.0]","{""14"": {""sucessos"": 1, ""total"": 27, ""percentual"": 3.7037037037037037, ""ic95"": [0.6568145980785132, 18.283465933575844]}, ""15"": {""sucessos"": 2, ""total"": 27, ""percentual"": 7.407407407407407, ""ic95"": [2.055465406098865, 23.369592683023143]}, ""18"": {""sucessos"": 15, ""total"": 27, ""percentual"": 55.55555555555556, ""ic95"": [37.31302451322448, 72.414141822977]}, ""22"": {""sucessos"": 24, ""total"": 27, ""percentual"": 88.88888888888889, ""ic95"": [71.94219918172018, 96.14796517169015]}}",40 nós | LB FULL | K4_OR_NAND_NOR_XNOR,80001
a4967dfc640a,40,K4_AND_OR_NOR_XNOR,"{""n"": 24, ""min"": 15.0, ""max"": 22.0, ""media"": 19.0, ""mediana"": 19.0, ""desvio_padrao"": 1.9110661718118183, ""q1"": 18.0, ""q3"": 20.0, ""p90"": 21.0, ""p95"": 21.849999999999998, ""modas"": [20.0], ""ocorrencias_moda"": 6, ""iqr"": 2.0}",FULL,4,7,20000,4,SINGLE_ATIVO_DIRETO,False,True,False,70,and | or | nor | xnor,27,24,88.88888888888889,"[71.94219918172018, 96.14796517169015]","[20, 21, 22, 23, 24, 25, 26, 27, 28, 29, 30, 31, 32, 33, 34, 35, 36, 37, 38, 39, 40, 41, 42, 43, 44, 45, 46]","{""n"": 27, ""min"": 98.57142857142857, ""max"": 100.0, ""media"": 99.84126984126983, ""mediana"": 100.0, ""desvio_padrao"": 0.45750901087167817, ""q1"": 100.0, ""q3"": 100.0, ""p90"": 100.0, ""p95"": 100.0, ""modas"": [100.0], ""ocorrencias_moda"": 24, ""iqr"": 0.0}","{""n"": 24, ""min"": 5.0, ""max"": 9.0, ""media"": 6.708333333333333, ""mediana"": 7.0, ""desvio_padrao"": 1.1970676733137329, ""q1"": 6.0, ""q3"": 7.0, ""p90"": 8.7, ""p95"": 9.0, ""modas"": [7.0], ""ocorrencias_moda"": 10, ""iqr"": 1.0}","{""n"": 27, ""min"": 21.64564679999603, ""max"": 27.119378300005337, ""media"": 24.60516970370534, ""mediana"": 25.376647500001127, ""desvio_padrao"": 1.656941303782134, ""q1"": 23.027938749990426, ""q3"": 25.810831099995994, ""p90"": 26.60477094000089, ""p95"": 26.849867699993773, ""modas"": [21.64564679999603, 21.708153000014136, 22.464168200007407, 22.599004299991066, 22.69211939998786, 22.89030559998355, 22.979522599984193, 23.07635489999666, 23.554463000007672, 23.736485700006597, 23.739356200007023, 24.69304060001741, 24.731677900010254, 25.376647500001127, 25.38536899999599, 25.459393000026466, 25.48458489999757, 25.511268600006588, 25.687229800008936, 25.73632299999008, 25.88533920000191, 25.94636649999302, 26.073020500014536, 26.604158100002678, 26.605690199998207, 26.954515199991874, 27.119378300005337], ""ocorrencias_moda"": 1, ""iqr"": 2.782892350005568}",31325.0,"[18.0, 20.0]","{""14"": {""sucessos"": 0, ""total"": 27, ""percentual"": 0.0, ""ic95"": [0.0, 12.455502974186704]}, ""15"": {""sucessos"": 2, ""total"": 27, ""percentual"": 7.407407407407407, ""ic95"": [2.055465406098865, 23.369592683023143]}, ""18"": {""sucessos"": 9, ""total"": 27, ""percentual"": 33.333333333333336, ""ic95"": [18.643261498715653, 52.17523949267993]}, ""22"": {""sucessos"": 24, ""total"": 27, ""percentual"": 88.88888888888889, ""ic95"": [71.94219918172018, 96.14796517169015]}}",40 nós | LB FULL | K4_AND_OR_NOR_XNOR,80001
b6fe6da1b507,40,K5_AND_OR_NAND_NOR_XOR,"{""n"": 24, ""min"": 15.0, ""max"": 20.0, ""media"": 17.0, ""mediana"": 17.0, ""desvio_padrao"": 1.5603789952109879, ""q1"": 16.0, ""q3"": 18.0, ""p90"": 19.0, ""p95"": 19.849999999999998, ""modas"": [15.0, 16.0, 17.0, 18.0], ""ocorrencias_moda"": 5, ""iqr"": 2.0}",FULL,4,7,20000,4,SINGLE_ATIVO_DIRETO,False,True,False,70,and | or | nand | nor | xor,27,24,88.88888888888889,"[71.94219918172018, 96.14796517169015]","[20, 21, 22, 23, 24, 25, 26, 27, 28, 29, 30, 31, 32, 33, 34, 35, 36, 37, 38, 39, 40, 41, 42, 43, 44, 45, 46]","{""n"": 27, ""min"": 98.57142857142857, ""max"": 100.0, ""media"": 99.84126984126983, ""mediana"": 100.0, ""desvio_padrao"": 0.45750901087167817, ""q1"": 100.0, ""q3"": 100.0, ""p90"": 100.0, ""p95"": 100.0, ""modas"": [100.0], ""ocorrencias_moda"": 24, ""iqr"": 0.0}","{""n"": 24, ""min"": 4.0, ""max"": 8.0, ""media"": 6.083333333333333, ""mediana"": 6.0, ""desvio_padrao"": 1.0179547554081032, ""q1"": 5.75, ""q3"": 6.25, ""p90"": 7.699999999999999, ""p95"": 8.0, ""modas"": [6.0], ""ocorrencias_moda"": 12, ""iqr"": 0.5}","{""n"": 27, ""min"": 22.21318049999536, ""max"": 29.954924700025003, ""media"": 25.162225088889333, ""mediana"": 25.285653200000525, ""desvio_padrao"": 2.033676547399784, ""q1"": 23.431455999991158, ""q3"": 26.16089440001815, ""p90"": 27.49374192000251, ""p95"": 29.154595930009965, ""modas"": [22.21318049999536, 22.42511499999091, 22.785794800001895, 22.882904900005087, 23.045808899973053, 23.103272600012133, 23.207670000003418, 23.655241999978898, 24.07415729999775, 24.098871399997734, 24.16510839998955, 25.10268549999455, 25.264404499990633, 25.285653200000525, 25.36744689999614, 25.531942600006005, 25.689790700009326, 25.69244109999272, 25.723951099993428, 26.048846300021978, 26.272942500014324, 26.477781599998707, 26.581772000005003, 26.615203800000018, 28.811549100006232, 29.301616000011563, 29.954924700025003], ""ocorrencias_moda"": 1, ""iqr"": 2.729438400026993}",24343.0,"[16.0, 18.0]","{""14"": {""sucessos"": 0, ""total"": 27, ""percentual"": 0.0, ""ic95"": [0.0, 12.455502974186704]}, ""15"": {""sucessos"": 5, ""total"": 27, ""percentual"": 18.51851851851852, ""ic95"": [8.180707142976532, 36.698683618548436]}, ""18"": {""sucessos"": 20, ""total"": 27, ""percentual"": 74.07407407407408, ""ic95"": [55.32142868544692, 86.8296254380928]}, ""22"": {""sucessos"": 24, ""total"": 27, ""percentual"": 88.88888888888889, ""ic95"": [71.94219918172018, 96.14796517169015]}}",40 nós | LB FULL | K5_AND_OR_NAND_NOR_XOR,80001
10fe85572676,40,K5_AND_OR_NAND_NOR_XNOR,"{""n"": 23, ""min"": 14.0, ""max"": 22.0, ""media"": 17.08695652173913, ""mediana"": 17.0, ""desvio_padrao"": 1.7815479346563372, ""q1"": 16.0, ""q3"": 18.0, ""p90"": 19.6, ""p95"": 20.0, ""modas"": [17.0], ""ocorrencias_moda"": 7, ""iqr"": 2.0}",FULL,4,7,20000,4,SINGLE_ATIVO_DIRETO,False,True,False,70,and | or | nand | nor | xnor,27,23,85.18518518518519,"[67.52131457218702, 94.08407222375568]","[20, 21, 22, 23, 24, 25, 26, 27, 28, 29, 30, 31, 32, 33, 34, 35, 36, 37, 38, 39, 40, 41, 42, 43, 44, 45, 46]","{""n"": 27, ""min"": 98.57142857142857, ""max"": 100.0, ""media"": 99.78835978835978, ""mediana"": 100.0, ""desvio_padrao"": 0.5171628469974945, ""q1"": 100.0, ""q3"": 100.0, ""p90"": 100.0, ""p95"": 100.0, ""modas"": [100.0], ""ocorrencias_moda"": 23, ""iqr"": 0.0}","{""n"": 23, ""min"": 5.0, ""max"": 11.0, ""media"": 6.869565217391305, ""mediana"": 7.0, ""desvio_padrao"": 1.3247417527437, ""q1"": 6.0, ""q3"": 7.5, ""p90"": 8.0, ""p95"": 8.0, ""modas"": [7.0], ""ocorrencias_moda"": 8, ""iqr"": 1.5}","{""n"": 27, ""min"": 21.880093800020404, ""max"": 29.084851000021445, ""media"": 25.45950754815648, ""mediana"": 25.516935000021476, ""desvio_padrao"": 1.6265519413375593, ""q1"": 24.616646299997228, ""q3"": 26.61837100001867, ""p90"": 26.987154740007828, ""p95"": 27.53035647001525, ""modas"": [21.880093800020404, 22.663366299995687, 23.084266300022136, 23.40433639998082, 23.865027200023178, 23.94200790001196, 24.503914200002328, 24.72937839999213, 24.896888000017498, 25.091059500002302, 25.231454900000244, 25.363123999995878, 25.505796000012197, 25.516935000021476, 25.53439280000748, 26.021463000011863, 26.0957823000208, 26.12996920000296, 26.140968799998518, 26.472585400013486, 26.764156600023853, 26.811995600000955, 26.937288599991007, 26.97410610000952, 27.006727700005285, 27.75476880001952, 29.084851000021445], ""ocorrencias_moda"": 1, ""iqr"": 2.001724700021441}",34077,"[16.0, 17.0]","{""14"": {""sucessos"": 1, ""total"": 27, ""percentual"": 3.7037037037037037, ""ic95"": [0.6568145980785132, 18.283465933575844]}, ""15"": {""sucessos"": 3, ""total"": 27, ""percentual"": 11.11111111111111, ""ic95"": [3.852034828309843, 28.057800818279823]}, ""18"": {""sucessos"": 20, ""total"": 27, ""percentual"": 74.07407407407408, ""ic95"": [55.32142868544692, 86.8296254380928]}, ""22"": {""sucessos"": 23, ""total"": 27, ""percentual"": 85.18518518518519, ""ic95"": [67.52131457218702, 94.08407222375568]}}",40 nós | LB FULL | K5_AND_OR_NAND_NOR_XNOR,80001
16cf30d71f8a,40,K5_AND_NAND_NOR_XOR_XNOR,"{""n"": 23, ""min"": 16.0, ""max"": 27.0, ""media"": 19.08695652173913, ""mediana"": 19.0, ""desvio_padrao"": 2.59217429756041, ""q1"": 17.0, ""q3"": 20.0, ""p90"": 21.8, ""p95"": 22.9, ""modas"": [17.0, 18.0, 20.0], ""ocorrencias_moda"": 4, ""iqr"": 3.0}",FULL,4,7,20000,4,SINGLE_ATIVO_DIRETO,False,True,False,70,and | nand | nor | xor | xnor,27,23,85.18518518518519,"[67.52131457218702, 94.08407222375568]","[20, 21, 22, 23, 24, 25, 26, 27, 28, 29, 30, 31, 32, 33, 34, 35, 36, 37, 38, 39, 40, 41, 42, 43, 44, 45, 46]","{""n"": 27, ""min"": 97.14285714285714, ""max"": 100.0, ""media"": 99.73544973544973, ""mediana"": 100.0, ""desvio_padrao"": 0.6904867162685574, ""q1"": 100.0, ""q3"": 100.0, ""p90"": 100.0, ""p95"": 100.0, ""modas"": [100.0], ""ocorrencias_moda"": 23, ""iqr"": 0.0}","{""n"": 23, ""min"": 5.0, ""max"": 9.0, ""media"": 7.0, ""mediana"": 7.0, ""desvio_padrao"": 1.2060453783110545, ""q1"": 6.0, ""q3"": 8.0, ""p90"": 8.8, ""p95"": 9.0, ""modas"": [6.0], ""ocorrencias_moda"": 7, ""iqr"": 2.0}","{""n"": 27, ""min"": 23.34434229999897, ""max"": 31.03543560000253, ""media"": 26.280194085184053, ""mediana"": 26.191762799979188, ""desvio_padrao"": 1.7971678376010394, ""q1"": 24.712198000008357, ""q3"": 27.33159029998933, ""p90"": 28.30779520001379, ""p95"": 28.953034840003237, ""modas"": [23.34434229999897, 23.645774100004928, 24.123159100010525, 24.26275500000338, 24.34353780001402, 24.574526299984427, 24.665458500006935, 24.75893750000978, 25.512588300014613, 25.64299629998277, 25.667960399994627, 26.161946199979866, 26.17252059999737, 26.191762799979188, 26.362472000007983, 26.447545300005004, 26.979515399987577, 27.000847099989187, 27.04657349997433, 27.276416999986395, 27.386763599992264, 27.435623400000622, 27.73657840001397, 27.916126200027065, 28.895298699993873, 28.97777890000725, 31.03543560000253], ""ocorrencias_moda"": 1, ""iqr"": 2.619392299980973}",36561,"[18.0, 20.0]","{""14"": {""sucessos"": 0, ""total"": 27, ""percentual"": 0.0, ""ic95"": [0.0, 12.455502974186704]}, ""15"": {""sucessos"": 0, ""total"": 27, ""percentual"": 0.0, ""ic95"": [0.0, 12.455502974186704]}, ""18"": {""sucessos"": 11, ""total"": 27, ""percentual"": 40.74074074074074, ""ic95"": [24.514757074395565, 59.27329903193531]}, ""22"": {""sucessos"": 21, ""total"": 27, ""percentual"": 77.77777777777777, ""ic95"": [59.24307113336743, 89.39276054763997]}}",40 nós | LB FULL | K5_AND_NAND_NOR_XOR_XNOR,80001
27964823b22b,40,K5_AND_OR_XOR_XNOR_NOT,"{""n"": 23, ""min"": 16.0, ""max"": 25.0, ""media"": 19.782608695652176, ""mediana"": 19.0, ""desvio_padrao"": 2.8596967693530413, ""q1"": 17.0, ""q3"": 21.5, ""p90"": 24.0, ""p95"": 24.9, ""modas"": [17.0], ""ocorrencias_moda"": 5, ""iqr"": 4.5}",FULL,4,7,20000,4,SINGLE_ATIVO_DIRETO,False,True,False,70,and | or | xor | xnor | not,27,23,85.18518518518519,"[67.52131457218702, 94.08407222375568]","[20, 21, 22, 23, 24, 25, 26, 27, 28, 29, 30, 31, 32, 33, 34, 35, 36, 37, 38, 39, 40, 41, 42, 43, 44, 45, 46]","{""n"": 27, ""min"": 98.57142857142857, ""max"": 100.0, ""media"": 99.78835978835978, ""mediana"": 100.0, ""desvio_padrao"": 0.5171628469974945, ""q1"": 100.0, ""q3"": 100.0, ""p90"": 100.0, ""p95"": 100.0, ""modas"": [100.0], ""ocorrencias_moda"": 23, ""iqr"": 0.0}","{""n"": 23, ""min"": 5.0, ""max"": 10.0, ""media"": 6.956521739130435, ""mediana"": 7.0, ""desvio_padrao"": 1.296087148780205, ""q1"": 6.0, ""q3"": 7.0, ""p90"": 8.8, ""p95"": 9.899999999999999, ""modas"": [6.0], ""ocorrencias_moda"": 9, ""iqr"": 1.0}","{""n"": 27, ""min"": 22.965122199995676, ""max"": 36.31350650000968, ""media"": 27.936286548149333, ""mediana"": 26.779048199998215, ""desvio_padrao"": 3.5766104208104963, ""q1"": 25.22234724998998, ""q3"": 30.893839950003894, ""p90"": 32.452021520008564, ""p95"": 33.00004951000737, ""modas"": [22.965122199995676, 23.03936850000173, 23.4369620999787, 23.634495900012553, 24.958790000004228, 25.04042710000067, 25.09489969999413, 25.34979479998583, 25.86025240001618, 25.9529130999872, 26.018328000005567, 26.16756470000837, 26.726886099990224, 26.779048199998215, 26.79213270000764, 28.178041700011818, 29.22226949999458, 29.37346190001699, 29.950222299987217, 30.400293399987277, 31.38738650002051, 31.491809200000716, 32.03209359999164, 32.274956600012956, 32.71761890000198, 33.12109120000969, 36.31350650000968], ""ocorrencias_moda"": 1, ""iqr"": 5.671492700013914}",45965,"[18.0, 20.0]","{""14"": {""sucessos"": 0, ""total"": 27, ""percentual"": 0.0, ""ic95"": [0.0, 12.455502974186704]}, ""15"": {""sucessos"": 0, ""total"": 27, ""percentual"": 0.0, ""ic95"": [0.0, 12.455502974186704]}, ""18"": {""sucessos"": 8, ""total"": 27, ""percentual"": 29.62962962962963, ""ic95"": [15.853040469779772, 48.48068296414815]}, ""22"": {""sucessos"": 18, ""total"": 27, ""percentual"": 66.66666666666667, ""ic95"": [47.82476050732008, 81.35673850128435]}}",40 nós | LB FULL | K5_AND_OR_XOR_XNOR_NOT,80001
33fb5870bb5f,40,K7_AND_OR_NAND_NOR_XOR_XNOR_NOT,"{""n"": 23, ""min"": 15.0, ""max"": 22.0, ""media"": 18.217391304347824, ""mediana"": 18.0, ""desvio_padrao"": 1.999011613480532, ""q1"": 16.5, ""q3"": 20.0, ""p90"": 20.8, ""p95"": 21.0, ""modas"": [18.0], ""ocorrencias_moda"": 5, ""iqr"": 3.5}",FULL,4,7,20000,4,SINGLE_ATIVO_DIRETO,False,True,False,70,and | or | nand | nor | xor | xnor | not,27,23,85.18518518518519,"[67.52131457218702, 94.08407222375568]","[20, 21, 22, 23, 24, 25, 26, 27, 28, 29, 30, 31, 32, 33, 34, 35, 36, 37, 38, 39, 40, 41, 42, 43, 44, 45, 46]","{""n"": 27, ""min"": 98.57142857142857, ""max"": 100.0, ""media"": 99.78835978835978, ""mediana"": 100.0, ""desvio_padrao"": 0.5171628469974945, ""q1"": 100.0, ""q3"": 100.0, ""p90"": 100.0, ""p95"": 100.0, ""modas"": [100.0], ""ocorrencias_moda"": 23, ""iqr"": 0.0}","{""n"": 23, ""min"": 5.0, ""max"": 9.0, ""media"": 6.739130434782608, ""mediana"": 7.0, ""desvio_padrao"": 1.1368773542370676, ""q1"": 6.0, ""q3"": 7.0, ""p90"": 8.8, ""p95"": 9.0, ""modas"": [6.0], ""ocorrencias_moda"": 9, ""iqr"": 1.0}","{""n"": 27, ""min"": 22.521002199995564, ""max"": 33.498245800001314, ""media"": 28.340824133332784, ""mediana"": 27.71465770000941, ""desvio_padrao"": 3.2231553168454, ""q1"": 26.53337144998659, ""q3"": 30.79721454999526, ""p90"": 32.843519839993675, ""p95"": 32.99227939999546, ""modas"": [22.521002199995564, 23.400634799996624, 23.403361799981212, 23.435453999991296, 25.899694799998542, 25.9392107000167, 26.46691109999665, 26.599831799976528, 27.119884800020372, 27.28765359998215, 27.36087669999688, 27.494540399988182, 27.68703650002135, 27.71465770000941, 27.816954300011275, 27.917913699988276, 29.06978550000349, 29.288780500006396, 30.082132900017314, 30.708928499981994, 30.885500600008527, 32.10920370000531, 32.754338800004916, 32.82002240000293, 32.878765999979805, 33.04092800000217, 33.498245800001314], ""ocorrencias_moda"": 1, ""iqr"": 4.263843100008671}",33825,"[17.0, 19.024999999999977]","{""14"": {""sucessos"": 0, ""total"": 27, ""percentual"": 0.0, ""ic95"": [0.0, 12.455502974186704]}, ""15"": {""sucessos"": 2, ""total"": 27, ""percentual"": 7.407407407407407, ""ic95"": [2.055465406098865, 23.369592683023143]}, ""18"": {""sucessos"": 13, ""total"": 27, ""percentual"": 48.148148148148145, ""ic95"": [30.743226976218473, 66.01438424504771]}, ""22"": {""sucessos"": 23, ""total"": 27, ""percentual"": 85.18518518518519, ""ic95"": [67.52131457218702, 94.08407222375568]}}",40 nós | LB FULL | sete primitivas,80001
64f32363e694,40,K6_AND_OR_NAND_NOR_XOR_XNOR,"{""n"": 23, ""min"": 15.0, ""max"": 24.0, ""media"": 17.695652173913043, ""mediana"": 17.0, ""desvio_padrao"": 2.2850260115626226, ""q1"": 16.0, ""q3"": 18.5, ""p90"": 19.8, ""p95"": 22.699999999999996, ""modas"": [17.0], ""ocorrencias_moda"": 6, ""iqr"": 2.5}",FULL,4,7,20000,4,SINGLE_ATIVO_DIRETO,False,True,False,70,and | or | nand | nor | xor | xnor,27,23,85.18518518518519,"[67.52131457218702, 94.08407222375568]","[20, 21, 22, 23, 24, 25, 26, 27, 28, 29, 30, 31, 32, 33, 34, 35, 36, 37, 38, 39, 40, 41, 42, 43, 44, 45, 46]","{""n"": 27, ""min"": 98.57142857142857, ""max"": 100.0, ""media"": 99.78835978835978, ""mediana"": 100.0, ""desvio_padrao"": 0.5171628469974945, ""q1"": 100.0, ""q3"": 100.0, ""p90"": 100.0, ""p95"": 100.0, ""modas"": [100.0], ""ocorrencias_moda"": 23, ""iqr"": 0.0}","{""n"": 23, ""min"": 5.0, ""max"": 8.0, ""media"": 6.782608695652174, ""mediana"": 7.0, ""desvio_padrao"": 1.0425720702853738, ""q1"": 6.0, ""q3"": 8.0, ""p90"": 8.0, ""p95"": 8.0, ""modas"": [7.0, 8.0], ""ocorrencias_moda"": 7, ""iqr"": 2.0}","{""n"": 27, ""min"": 22.284325599990552, ""max"": 29.512065499991877, ""media"": 25.948067748150574, ""mediana"": 25.834240299998783, ""desvio_padrao"": 1.752833242552931, ""q1"": 24.94850990001578, ""q3"": 26.92207070000586, ""p90"": 28.281360899988798, ""p95"": 29.068515189978644, ""modas"": [22.284325599990552, 23.575028399995063, 23.887843300006352, 23.898051300027873, 23.96327849998488, 24.298892100021476, 24.885700000013458, 25.0113198000181, 25.231490400008624, 25.554690799996024, 25.568762200011406, 25.630736899998737, 25.682540600013454, 25.834240299998783, 25.862848600023426, 26.00710389998858, 26.049366400024155, 26.5392805999727, 26.667957099998603, 26.858938700024737, 26.985202699986985, 27.088062399998307, 27.781737900018925, 28.069795499992324, 28.5987089999835, 29.26986069997656, 29.512065499991877], ""ocorrencias_moda"": 1, ""iqr"": 1.9735607999900822}",37981,"[17.0, 18.0]","{""14"": {""sucessos"": 0, ""total"": 27, ""percentual"": 0.0, ""ic95"": [0.0, 12.455502974186704]}, ""15"": {""sucessos"": 3, ""total"": 27, ""percentual"": 11.11111111111111, ""ic95"": [3.852034828309843, 28.057800818279823]}, ""18"": {""sucessos"": 17, ""total"": 27, ""percentual"": 62.96296296296296, ""ic95"": [44.22923441210239, 78.4674870390344]}, ""22"": {""sucessos"": 21, ""total"": 27, ""percentual"": 77.77777777777777, ""ic95"": [59.24307113336743, 89.39276054763997]}}",40 nós | LB FULL | sem NOT,80001
8d2667f756ac,40,K5_AND_OR_NOR_XNOR_NOT,"{""n"": 23, ""min"": 15.0, ""max"": 21.0, ""media"": 18.52173913043478, ""mediana"": 19.0, ""desvio_padrao"": 1.8797863809339252, ""q1"": 17.5, ""q3"": 20.0, ""p90"": 21.0, ""p95"": 21.0, ""modas"": [18.0], ""ocorrencias_moda"": 5, ""iqr"": 2.5}",FULL,4,7,20000,4,SINGLE_ATIVO_DIRETO,False,True,False,70,and | or | nor | xnor | not,27,23,85.18518518518519,"[67.52131457218702, 94.08407222375568]","[20, 21, 22, 23, 24, 25, 26, 27, 28, 29, 30, 31, 32, 33, 34, 35, 36, 37, 38, 39, 40, 41, 42, 43, 44, 45, 46]","{""n"": 27, ""min"": 98.57142857142857, ""max"": 100.0, ""media"": 99.78835978835978, ""mediana"": 100.0, ""desvio_padrao"": 0.5171628469974945, ""q1"": 100.0, ""q3"": 100.0, ""p90"": 100.0, ""p95"": 100.0, ""modas"": [100.0], ""ocorrencias_moda"": 23, ""iqr"": 0.0}","{""n"": 23, ""min"": 5.0, ""max"": 10.0, ""media"": 6.869565217391305, ""mediana"": 7.0, ""desvio_padrao"": 1.25424181466106, ""q1"": 6.0, ""q3"": 7.0, ""p90"": 8.8, ""p95"": 9.0, ""modas"": [7.0], ""ocorrencias_moda"": 11, ""iqr"": 1.0}","{""n"": 27, ""min"": 22.985427000006894, ""max"": 26.91587610001443, ""media"": 24.909803688892648, ""mediana"": 25.14641020001727, ""desvio_padrao"": 1.074274752373849, ""q1"": 23.99848265000037, ""q3"": 25.699273050006013, ""p90"": 26.20398355999496, ""p95"": 26.494035469996742, ""modas"": [22.985427000006894, 23.16169350000564, 23.56824590000906, 23.61870560000534, 23.7920006000204, 23.97687600000063, 23.99292560000322, 24.00403969999752, 24.056441799999448, 24.39144700000179, 24.431369700003415, 24.4713471000141, 24.941288800007896, 25.14641020001727, 25.203494699992007, 25.296873200015398, 25.486416500003543, 25.510948599985568, 25.531712800002424, 25.63785570001346, 25.760690399998566, 25.82911329998751, 25.837203700008104, 26.133882399997674, 26.309135299990885, 26.573278399999253, 26.91587610001443], ""ocorrencias_moda"": 1, ""iqr"": 1.7007904000056442}",37853,"[18.0, 20.0]","{""14"": {""sucessos"": 0, ""total"": 27, ""percentual"": 0.0, ""ic95"": [0.0, 12.455502974186704]}, ""15"": {""sucessos"": 2, ""total"": 27, ""percentual"": 7.407407407407407, ""ic95"": [2.055465406098865, 23.369592683023143]}, ""18"": {""sucessos"": 11, ""total"": 27, ""percentual"": 40.74074074074074, ""ic95"": [24.514757074395565, 59.27329903193531]}, ""22"": {""sucessos"": 23, ""total"": 27, ""percentual"": 85.18518518518519, ""ic95"": [67.52131457218702, 94.08407222375568]}}",40 nós | LB FULL | K5_AND_OR_NOR_XNOR_NOT,80001
b9cbed04ae4c,40,K4_AND_OR_NAND_XOR,"{""n"": 23, ""min"": 14.0, ""max"": 20.0, ""media"": 17.17391304347826, ""mediana"": 17.0, ""desvio_padrao"": 1.5270939101039858, ""q1"": 16.0, ""q3"": 18.0, ""p90"": 19.0, ""p95"": 19.9, ""modas"": [17.0], ""ocorrencias_moda"": 7, ""iqr"": 2.0}",FULL,4,7,20000,4,SINGLE_ATIVO_DIRETO,False,True,False,70,and | or | nand | xor,27,23,85.18518518518519,"[67.52131457218702, 94.08407222375568]","[20, 21, 22, 23, 24, 25, 26, 27, 28, 29, 30, 31, 32, 33, 34, 35, 36, 37, 38, 39, 40, 41, 42, 43, 44, 45, 46]","{""n"": 27, ""min"": 98.57142857142857, ""max"": 100.0, ""media"": 99.78835978835978, ""mediana"": 100.0, ""desvio_padrao"": 0.5171628469974945, ""q1"": 100.0, ""q3"": 100.0, ""p90"": 100.0, ""p95"": 100.0, ""modas"": [100.0], ""ocorrencias_moda"": 23, ""iqr"": 0.0}","{""n"": 23, ""min"": 5.0, ""max"": 9.0, ""media"": 6.869565217391305, ""mediana"": 7.0, ""desvio_padrao"": 1.0576280419404613, ""q1"": 6.0, ""q3"": 8.0, ""p90"": 8.0, ""p95"": 8.0, ""modas"": [6.0, 7.0], ""ocorrencias_moda"": 7, ""iqr"": 2.0}","{""n"": 27, ""min"": 20.320000399980927, ""max"": 29.583384300000034, ""media"": 25.6456330185174, ""mediana"": 25.828380599996308, ""desvio_padrao"": 2.1228490816566175, ""q1"": 24.04921719999402, ""q3"": 27.143996500002686, ""p90"": 27.96435891999863, ""p95"": 28.85155774001323, ""modas"": [20.320000399980927, 22.42161479999777, 23.18924780000816, 23.58491530001629, 23.79257379999035, 23.819815299997572, 23.905647299980046, 24.19278710000799, 24.240336800023215, 24.68158720000065, 25.392025799985277, 25.55781460000435, 25.720760500000324, 25.828380599996308, 26.00205699997605, 26.109968599979766, 26.233003500004997, 26.546644799993373, 26.929320399998687, 27.003668599994853, 27.28432440001052, 27.462452200008556, 27.505656599998474, 27.709559999988414, 28.346557300013956, 29.06798650001292, 29.583384300000034], ""ocorrencias_moda"": 1, ""iqr"": 3.0947793000086676}",32705,"[17.0, 18.0]","{""14"": {""sucessos"": 1, ""total"": 27, ""percentual"": 3.7037037037037037, ""ic95"": [0.6568145980785132, 18.283465933575844]}, ""15"": {""sucessos"": 3, ""total"": 27, ""percentual"": 11.11111111111111, ""ic95"": [3.852034828309843, 28.057800818279823]}, ""18"": {""sucessos"": 19, ""total"": 27, ""percentual"": 70.37037037037037, ""ic95"": [51.519317035851856, 84.14695953022023]}, ""22"": {""sucessos"": 23, ""total"": 27, ""percentual"": 85.18518518518519, ""ic95"": [67.52131457218702, 94.08407222375568]}}",40 nós | LB FULL | K4_AND_OR_NAND_XOR,80001
ea29d9eb29a3,40,K4_AND_NAND_NOR_XOR,"{""n"": 23, ""min"": 15.0, ""max"": 23.0, ""media"": 17.82608695652174, ""mediana"": 18.0, ""desvio_padrao"": 2.01476761378314, ""q1"": 17.0, ""q3"": 19.0, ""p90"": 19.8, ""p95"": 21.799999999999997, ""modas"": [17.0], ""ocorrencias_moda"": 6, ""iqr"": 2.0}",FULL,4,7,20000,4,SINGLE_ATIVO_DIRETO,False,True,False,70,and | nand | nor | xor,27,23,85.18518518518519,"[67.52131457218702, 94.08407222375568]","[20, 21, 22, 23, 24, 25, 26, 27, 28, 29, 30, 31, 32, 33, 34, 35, 36, 37, 38, 39, 40, 41, 42, 43, 44, 45, 46]","{""n"": 27, ""min"": 98.57142857142857, ""max"": 100.0, ""media"": 99.78835978835978, ""mediana"": 100.0, ""desvio_padrao"": 0.5171628469974945, ""q1"": 100.0, ""q3"": 100.0, ""p90"": 100.0, ""p95"": 100.0, ""modas"": [100.0], ""ocorrencias_moda"": 23, ""iqr"": 0.0}","{""n"": 23, ""min"": 4.0, ""max"": 11.0, ""media"": 6.913043478260869, ""mediana"": 7.0, ""desvio_padrao"": 1.85651294533745, ""q1"": 6.0, ""q3"": 8.0, ""p90"": 9.0, ""p95"": 9.899999999999999, ""modas"": [6.0], ""ocorrencias_moda"": 6, ""iqr"": 2.0}","{""n"": 27, ""min"": 21.097451800014824, ""max"": 26.67994629999157, ""media"": 24.056655477772303, ""mediana"": 24.29398200000287, ""desvio_padrao"": 1.5540269000906968, ""q1"": 22.779985899993335, ""q3"": 25.25504849999561, ""p90"": 25.99824831999722, ""p95"": 26.468100709994907, ""modas"": [21.097451800014824, 21.71462439998868, 22.06820769998012, 22.328890100005083, 22.447856799990404, 22.664893899986055, 22.669813299988164, 22.890158499998506, 22.905784899980063, 23.25844840001082, 23.29485079998267, 23.300652599980822, 23.97866549997707, 24.29398200000287, 24.503962899994804, 24.682453000015812, 24.767155399982585, 24.867184100003215, 25.0927182000014, 25.234267099993303, 25.275829899997916, 25.35950779999257, 25.501869800005807, 25.8901685999881, 26.160367900010897, 26.599986199988052, 26.67994629999157], ""ocorrencias_moda"": 1, ""iqr"": 2.475062600002275}",37029,"[17.0, 18.024999999999977]","{""14"": {""sucessos"": 0, ""total"": 27, ""percentual"": 0.0, ""ic95"": [0.0, 12.455502974186704]}, ""15"": {""sucessos"": 3, ""total"": 27, ""percentual"": 11.11111111111111, ""ic95"": [3.852034828309843, 28.057800818279823]}, ""18"": {""sucessos"": 16, ""total"": 27, ""percentual"": 59.25925925925926, ""ic95"": [40.72670096806469, 75.48524292560444]}, ""22"": {""sucessos"": 22, ""total"": 27, ""percentual"": 81.48148148148148, ""ic95"": [63.301316381451564, 91.81929285702347]}}",40 nós | LB FULL | K4_AND_NAND_NOR_XOR,80001
f10d6ff4feec,40,K5_OR_NAND_NOR_XNOR_NOT,"{""n"": 23, ""min"": 15.0, ""max"": 22.0, ""media"": 17.91304347826087, ""mediana"": 18.0, ""desvio_padrao"": 1.8318655041504666, ""q1"": 17.0, ""q3"": 19.0, ""p90"": 20.0, ""p95"": 20.9, ""modas"": [18.0], ""ocorrencias_moda"": 6, ""iqr"": 2.0}",FULL,4,7,20000,4,SINGLE_ATIVO_DIRETO,False,True,False,70,or | nand | nor | xnor | not,27,23,85.18518518518519,"[67.52131457218702, 94.08407222375568]","[20, 21, 22, 23, 24, 25, 26, 27, 28, 29, 30, 31, 32, 33, 34, 35, 36, 37, 38, 39, 40, 41, 42, 43, 44, 45, 46]","{""n"": 27, ""min"": 98.57142857142857, ""max"": 100.0, ""media"": 99.78835978835978, ""mediana"": 100.0, ""desvio_padrao"": 0.5171628469974945, ""q1"": 100.0, ""q3"": 100.0, ""p90"": 100.0, ""p95"": 100.0, ""modas"": [100.0], ""ocorrencias_moda"": 23, ""iqr"": 0.0}","{""n"": 23, ""min"": 5.0, ""max"": 10.0, ""media"": 6.956521739130435, ""mediana"": 7.0, ""desvio_padrao"": 1.521908516829063, ""q1"": 6.0, ""q3"": 8.0, ""p90"": 8.8, ""p95"": 9.899999999999999, ""modas"": [7.0], ""ocorrencias_moda"": 6, ""iqr"": 2.0}","{""n"": 27, ""min"": 22.533547500002896, ""max"": 30.746120900003007, ""media"": 25.852073096299407, ""mediana"": 25.341055299999425, ""desvio_padrao"": 1.8900704286891032, ""q1"": 24.435713250000845, ""q3"": 27.182526200005668, ""p90"": 28.09332159999758, ""p95"": 28.949755219992948, ""modas"": [22.533547500002896, 23.820113399997354, 24.063567600009264, 24.134900300006848, 24.2593659000122, 24.271421999990707, 24.37897290001274, 24.49245359998895, 24.77144369998132, 24.777568599994993, 24.789136000006692, 24.81248960000812, 25.27806630000123, 25.341055299999425, 25.423271900013788, 25.525709500012454, 25.994334699993487, 26.804244800005108, 26.8500205000164, 26.8680844999908, 27.496967900020536, 27.51475970001775, 27.58825530001195, 27.859940199996345, 28.443393699999433, 29.16676729999017, 30.746120900003007], ""ocorrencias_moda"": 1, ""iqr"": 2.7468129500048235}",42425,"[17.0, 18.0]","{""14"": {""sucessos"": 0, ""total"": 27, ""percentual"": 0.0, ""ic95"": [0.0, 12.455502974186704]}, ""15"": {""sucessos"": 2, ""total"": 27, ""percentual"": 7.407407407407407, ""ic95"": [2.055465406098865, 23.369592683023143]}, ""18"": {""sucessos"": 16, ""total"": 27, ""percentual"": 59.25925925925926, ""ic95"": [40.72670096806469, 75.48524292560444]}, ""22"": {""sucessos"": 23, ""total"": 27, ""percentual"": 85.18518518518519, ""ic95"": [67.52131457218702, 94.08407222375568]}}",40 nós | LB FULL | K5_OR_NAND_NOR_XNOR_NOT,80001
4b111def3e8c,40,K5_AND_OR_NAND_XNOR_NOT,"{""n"": 22, ""min"": 15.0, ""max"": 24.0, ""media"": 18.272727272727273, ""mediana"": 18.0, ""desvio_padrao"": 2.1421355206299597, ""q1"": 17.25, ""q3"": 19.0, ""p90"": 20.0, ""p95"": 20.95, ""modas"": [18.0], ""ocorrencias_moda"": 6, ""iqr"": 1.75}",FULL,4,7,20000,4,SINGLE_ATIVO_DIRETO,False,True,False,70,and | or | nand | xnor | not,27,22,81.48148148148148,"[63.301316381451564, 91.81929285702347]","[20, 21, 22, 23, 24, 25, 26, 27, 28, 29, 30, 31, 32, 33, 34, 35, 36, 37, 38, 39, 40, 41, 42, 43, 44, 45, 46]","{""n"": 27, ""min"": 98.57142857142857, ""max"": 100.0, ""media"": 99.73544973544973, ""mediana"": 100.0, ""desvio_padrao"": 0.5654962723765288, ""q1"": 100.0, ""q3"": 100.0, ""p90"": 100.0, ""p95"": 100.0, ""modas"": [100.0], ""ocorrencias_moda"": 22, ""iqr"": 0.0}","{""n"": 22, ""min"": 6.0, ""max"": 10.0, ""media"": 7.2727272727272725, ""mediana"": 7.0, ""desvio_padrao"": 1.162174406295953, ""q1"": 6.0, ""q3"": 8.0, ""p90"": 8.900000000000002, ""p95"": 9.0, ""modas"": [6.0], ""ocorrencias_moda"": 7, ""iqr"": 2.0}","{""n"": 27, ""min"": 21.579373300017323, ""max"": 27.56739560002461, ""media"": 24.804060300003684, ""mediana"": 25.096157899999525, ""desvio_padrao"": 1.5533499575043408, ""q1"": 23.688949400006095, ""q3"": 25.83043735001411, ""p90"": 26.63111322001787, ""p95"": 27.25791165001574, ""modas"": [21.579373300017323, 22.465123799978755, 22.79889770000591, 23.073178699996788, 23.205281700007617, 23.528158600005554, 23.630302800011123, 23.747596000001067, 23.78479229999357, 23.917763000004925, 24.04333710001083, 24.118397400015965, 25.02376829998684, 25.096157899999525, 25.255147699994268, 25.391421099979198, 25.415167500003008, 25.535428000002867, 25.542932399985148, 25.785392600024352, 25.875482100003865, 26.03587079999852, 26.518800899997586, 26.530976900015958, 26.781317700020736, 27.4621662000136, 27.56739560002461], ""ocorrencias_moda"": 1, ""iqr"": 2.1414879500080133}",39127.0,"[17.5, 19.0]","{""14"": {""sucessos"": 0, ""total"": 27, ""percentual"": 0.0, ""ic95"": [0.0, 12.455502974186704]}, ""15"": {""sucessos"": 3, ""total"": 27, ""percentual"": 11.11111111111111, ""ic95"": [3.852034828309843, 28.057800818279823]}, ""18"": {""sucessos"": 12, ""total"": 27, ""percentual"": 44.44444444444444, ""ic95"": [27.585858177023002, 62.68697548677551]}, ""22"": {""sucessos"": 21, ""total"": 27, ""percentual"": 77.77777777777777, ""ic95"": [59.24307113336743, 89.39276054763997]}}",40 nós | LB FULL | K5_AND_OR_NAND_XNOR_NOT,80001
b45c63457e79,40,K4_AND_OR_NAND_XNOR,"{""n"": 22, ""min"": 15.0, ""max"": 23.0, ""media"": 18.0, ""mediana"": 18.0, ""desvio_padrao"": 2.1157009420498154, ""q1"": 16.0, ""q3"": 19.0, ""p90"": 19.900000000000002, ""p95"": 22.849999999999998, ""modas"": [16.0], ""ocorrencias_moda"": 6, ""iqr"": 3.0}",FULL,4,7,20000,4,SINGLE_ATIVO_DIRETO,False,True,False,70,and | or | nand | xnor,27,22,81.48148148148148,"[63.301316381451564, 91.81929285702347]","[20, 21, 22, 23, 24, 25, 26, 27, 28, 29, 30, 31, 32, 33, 34, 35, 36, 37, 38, 39, 40, 41, 42, 43, 44, 45, 46]","{""n"": 27, ""min"": 98.57142857142857, ""max"": 100.0, ""media"": 99.73544973544973, ""mediana"": 100.0, ""desvio_padrao"": 0.5654962723765288, ""q1"": 100.0, ""q3"": 100.0, ""p90"": 100.0, ""p95"": 100.0, ""modas"": [100.0], ""ocorrencias_moda"": 22, ""iqr"": 0.0}","{""n"": 22, ""min"": 4.0, ""max"": 10.0, ""media"": 6.7272727272727275, ""mediana"": 6.5, ""desvio_padrao"": 1.6089576093684348, ""q1"": 6.0, ""q3"": 7.75, ""p90"": 8.900000000000002, ""p95"": 9.95, ""modas"": [6.0], ""ocorrencias_moda"": 6, ""iqr"": 1.75}","{""n"": 27, ""min"": 22.086913100007223, ""max"": 30.02490079999552, ""media"": 26.5709985296298, ""mediana"": 26.520037000009324, ""desvio_padrao"": 2.294237852592626, ""q1"": 24.632979450005223, ""q3"": 28.67537964999792, ""p90"": 29.26842394002015, ""p95"": 29.56569122999499, ""modas"": [22.086913100007223, 23.32402179998462, 23.436116700002458, 23.80958189998637, 24.077072699990822, 24.21711339999456, 24.4294606000185, 24.836498299991945, 25.006766300008167, 25.76850900001591, 25.824337800004287, 25.888042300008237, 25.93479109997861, 26.520037000009324, 26.736140099994373, 27.641723199980333, 27.82541889999993, 28.12563900000532, 28.54871020000428, 28.62593629999901, 28.72482299999683, 28.85751229999005, 28.926142300013453, 29.20411370001966, 29.364889300020877, 29.651749199983897, 30.02490079999552], ""ocorrencias_moda"": 1, ""iqr"": 4.042400199992699}",38501.0,"[16.4875, 19.0]","{""14"": {""sucessos"": 0, ""total"": 27, ""percentual"": 0.0, ""ic95"": [0.0, 12.455502974186704]}, ""15"": {""sucessos"": 1, ""total"": 27, ""percentual"": 3.7037037037037037, ""ic95"": [0.6568145980785132, 18.283465933575844]}, ""18"": {""sucessos"": 14, ""total"": 27, ""percentual"": 51.851851851851855, ""ic95"": [33.98561575495229, 69.25677302378152]}, ""22"": {""sucessos"": 20, ""total"": 27, ""percentual"": 74.07407407407408, ""ic95"": [55.32142868544692, 86.8296254380928]}}",40 nós | LB FULL | K4_AND_OR_NAND_XNOR,80001
b8914a52452f,40,K4_AND_OR_XOR_XNOR,"{""n"": 22, ""min"": 16.0, ""max"": 25.0, ""media"": 20.045454545454547, ""mediana"": 20.0, ""desvio_padrao"": 2.359928827160698, ""q1"": 19.0, ""q3"": 21.0, ""p90"": 22.900000000000002, ""p95"": 24.9, ""modas"": [19.0], ""ocorrencias_moda"": 5, ""iqr"": 2.0}",FULL,4,7,20000,4,SINGLE_ATIVO_DIRETO,False,True,False,70,and | or | xor | xnor,27,22,81.48148148148148,"[63.301316381451564, 91.81929285702347]","[20, 21, 22, 23, 24, 25, 26, 27, 28, 29, 30, 31, 32, 33, 34, 35, 36, 37, 38, 39, 40, 41, 42, 43, 44, 45, 46]","{""n"": 27, ""min"": 98.57142857142857, ""max"": 100.0, ""media"": 99.73544973544973, ""mediana"": 100.0, ""desvio_padrao"": 0.5654962723765288, ""q1"": 100.0, ""q3"": 100.0, ""p90"": 100.0, ""p95"": 100.0, ""modas"": [100.0], ""ocorrencias_moda"": 22, ""iqr"": 0.0}","{""n"": 22, ""min"": 6.0, ""max"": 10.0, ""media"": 7.5, ""mediana"": 7.5, ""desvio_padrao"": 1.1443442705426587, ""q1"": 7.0, ""q3"": 8.0, ""p90"": 9.0, ""p95"": 9.0, ""modas"": [8.0], ""ocorrencias_moda"": 7, ""iqr"": 1.0}","{""n"": 27, ""min"": 20.862565500021446, ""max"": 26.423136099998374, ""media"": 24.514776796296548, ""mediana"": 24.65869609999936, ""desvio_padrao"": 1.531837538523899, ""q1"": 23.62723919999553, ""q3"": 25.89364544999262, ""p90"": 26.02974028000608, ""p95"": 26.207063839986223, ""modas"": [20.862565500021446, 21.480575699999463, 22.24773410000489, 22.552407200011658, 22.667307900002925, 23.129036300000735, 23.287093699997058, 23.967384699994, 24.235640099999728, 24.401436100015417, 24.465405099996133, 24.54315990000032, 24.650315100006992, 24.65869609999936, 24.951235300017288, 25.12179589999141, 25.305508299992653, 25.421035799983656, 25.555310299998382, 25.88154589998885, 25.905744999996386, 25.92513719998533, 25.92866880001384, 25.949640600010753, 26.149889799999073, 26.231566999980714, 26.423136099998374], ""ocorrencias_moda"": 1, ""iqr"": 2.2664062499970896}",34859.0,"[19.0, 21.0]","{""14"": {""sucessos"": 0, ""total"": 27, ""percentual"": 0.0, ""ic95"": [0.0, 12.455502974186704]}, ""15"": {""sucessos"": 0, ""total"": 27, ""percentual"": 0.0, ""ic95"": [0.0, 12.455502974186704]}, ""18"": {""sucessos"": 5, ""total"": 27, ""percentual"": 18.51851851851852, ""ic95"": [8.180707142976532, 36.698683618548436]}, ""22"": {""sucessos"": 19, ""total"": 27, ""percentual"": 70.37037037037037, ""ic95"": [51.519317035851856, 84.14695953022023]}}",40 nós | LB FULL | K4_AND_OR_XOR_XNOR,80001
d4e513ccc54b,40,K4_AND_NAND_NOR_XNOR,"{""n"": 22, ""min"": 15.0, ""max"": 22.0, ""media"": 18.09090909090909, ""mediana"": 18.0, ""desvio_padrao"": 1.874873733122184, ""q1"": 17.0, ""q3"": 19.0, ""p90"": 21.0, ""p95"": 21.0, ""modas"": [18.0], ""ocorrencias_moda"": 7, ""iqr"": 2.0}",FULL,4,7,20000,4,SINGLE_ATIVO_DIRETO,False,True,False,70,and | nand | nor | xnor,27,22,81.48148148148148,"[63.301316381451564, 91.81929285702347]","[20, 21, 22, 23, 24, 25, 26, 27, 28, 29, 30, 31, 32, 33, 34, 35, 36, 37, 38, 39, 40, 41, 42, 43, 44, 45, 46]","{""n"": 27, ""min"": 98.57142857142857, ""max"": 100.0, ""media"": 99.73544973544973, ""mediana"": 100.0, ""desvio_padrao"": 0.5654962723765288, ""q1"": 100.0, ""q3"": 100.0, ""p90"": 100.0, ""p95"": 100.0, ""modas"": [100.0], ""ocorrencias_moda"": 22, ""iqr"": 0.0}","{""n"": 22, ""min"": 5.0, ""max"": 8.0, ""media"": 6.590909090909091, ""mediana"": 7.0, ""desvio_padrao"": 0.9591211706105855, ""q1"": 6.0, ""q3"": 7.0, ""p90"": 8.0, ""p95"": 8.0, ""modas"": [7.0], ""ocorrencias_moda"": 8, ""iqr"": 1.0}","{""n"": 27, ""min"": 21.315143799991347, ""max"": 27.47858989998349, ""media"": 24.24971703333129, ""mediana"": 24.50524279999081, ""desvio_padrao"": 1.3477913183567773, ""q1"": 23.58569355000509, ""q3"": 24.84373159999086, ""p90"": 25.69257044000551, ""p95"": 26.371681899996474, ""modas"": [21.315143799991347, 21.44408289997955, 22.644115600007353, 22.90250399999786, 23.103784999984782, 23.42232400001376, 23.497498600016115, 23.673888499994064, 23.700106300006155, 23.822637699980987, 23.974990400020033, 24.02755209998577, 24.384140200010734, 24.50524279999081, 24.577016499999445, 24.59500709999702, 24.674474600004032, 24.679546400002437, 24.69607219999307, 24.77813469999819, 24.90932849998353, 24.931212499999674, 24.972813200001838, 25.58254339999985, 25.857611000014003, 26.591997999988962, 27.47858989998349], ""ocorrencias_moda"": 1, ""iqr"": 1.258038049985771}",28783.0,"[17.0, 18.5]","{""14"": {""sucessos"": 0, ""total"": 27, ""percentual"": 0.0, ""ic95"": [0.0, 12.455502974186704]}, ""15"": {""sucessos"": 1, ""total"": 27, ""percentual"": 3.7037037037037037, ""ic95"": [0.6568145980785132, 18.283465933575844]}, ""18"": {""sucessos"": 15, ""total"": 27, ""percentual"": 55.55555555555556, ""ic95"": [37.31302451322448, 72.414141822977]}, ""22"": {""sucessos"": 22, ""total"": 27, ""percentual"": 81.48148148148148, ""ic95"": [63.301316381451564, 91.81929285702347]}}",40 nós | LB FULL | K4_AND_NAND_NOR_XNOR,80001
19ed75a461b6,40,K5_AND_OR_NAND_XOR_XNOR,"{""n"": 21, ""min"": 16.0, ""max"": 22.0, ""media"": 18.571428571428573, ""mediana"": 19.0, ""desvio_padrao"": 1.7196345126633326, ""q1"": 17.0, ""q3"": 20.0, ""p90"": 20.0, ""p95"": 22.0, ""modas"": [17.0, 19.0], ""ocorrencias_moda"": 5, ""iqr"": 3.0}",FULL,4,7,20000,4,SINGLE_ATIVO_DIRETO,False,True,False,70,and | or | nand | xor | xnor,27,21,77.77777777777777,"[59.24307113336743, 89.39276054763997]","[20, 21, 22, 23, 24, 25, 26, 27, 28, 29, 30, 31, 32, 33, 34, 35, 36, 37, 38, 39, 40, 41, 42, 43, 44, 45, 46]","{""n"": 27, ""min"": 97.14285714285714, ""max"": 100.0, ""media"": 99.62962962962963, ""mediana"": 100.0, ""desvio_padrao"": 0.7509901985192577, ""q1"": 100.0, ""q3"": 100.0, ""p90"": 100.0, ""p95"": 100.0, ""modas"": [100.0], ""ocorrencias_moda"": 21, ""iqr"": 0.0}","{""n"": 21, ""min"": 4.0, ""max"": 8.0, ""media"": 6.380952380952381, ""mediana"": 6.0, ""desvio_padrao"": 1.023532631438318, ""q1"": 6.0, ""q3"": 7.0, ""p90"": 8.0, ""p95"": 8.0, ""modas"": [6.0], ""ocorrencias_moda"": 9, ""iqr"": 1.0}","{""n"": 27, ""min"": 22.076015800004825, ""max"": 29.277720899990527, ""media"": 25.658963899999097, ""mediana"": 25.677444100001594, ""desvio_padrao"": 1.6512248360122406, ""q1"": 24.374873450011364, ""q3"": 26.482641149996198, ""p90"": 27.466228599991883, ""p95"": 28.611408190015936, ""modas"": [22.076015800004825, 23.110581399989314, 23.692817399976775, 23.807468000013614, 24.328305600007297, 24.34051899999031, 24.371744200005196, 24.378002700017532, 25.060416299995268, 25.069886300014332, 25.31155119999312, 25.408622299990384, 25.67485179999494, 25.677444100001594, 25.941744799987646, 25.99573640001472, 26.038914799981285, 26.07046889999765, 26.378267300024163, 26.4310541000159, 26.534228199976496, 26.843693599977996, 26.975542900006985, 27.198623199976282, 27.867636700015282, 28.930167400016217, 29.277720899990527], ""ocorrencias_moda"": 1, ""iqr"": 2.1077676999848336}",32865,"[17.0, 19.0]","{""14"": {""sucessos"": 0, ""total"": 27, ""percentual"": 0.0, ""ic95"": [0.0, 12.455502974186704]}, ""15"": {""sucessos"": 0, ""total"": 27, ""percentual"": 0.0, ""ic95"": [0.0, 12.455502974186704]}, ""18"": {""sucessos"": 10, ""total"": 27, ""percentual"": 37.03703703703704, ""ic95"": [21.532512960965605, 55.77076558789762]}, ""22"": {""sucessos"": 21, ""total"": 27, ""percentual"": 77.77777777777777, ""ic95"": [59.24307113336743, 89.39276054763997]}}",40 nós | LB FULL | K5_AND_OR_NAND_XOR_XNOR,80001
35bc7d78af8c,40,K4_NAND_NOR_XOR_NOT,"{""n"": 21, ""min"": 16.0, ""max"": 28.0, ""media"": 19.428571428571427, ""mediana"": 19.0, ""desvio_padrao"": 2.656528346760647, ""q1"": 18.0, ""q3"": 20.0, ""p90"": 22.0, ""p95"": 23.0, ""modas"": [19.0], ""ocorrencias_moda"": 5, ""iqr"": 2.0}",FULL,4,7,20000,4,SINGLE_ATIVO_DIRETO,False,True,False,70,nand | nor | xor | not,27,21,77.77777777777777,"[59.24307113336743, 89.39276054763997]","[20, 21, 22, 23, 24, 25, 26, 27, 28, 29, 30, 31, 32, 33, 34, 35, 36, 37, 38, 39, 40, 41, 42, 43, 44, 45, 46]","{""n"": 27, ""min"": 98.57142857142857, ""max"": 100.0, ""media"": 99.68253968253968, ""mediana"": 100.0, ""desvio_padrao"": 0.6052275326688032, ""q1"": 100.0, ""q3"": 100.0, ""p90"": 100.0, ""p95"": 100.0, ""modas"": [100.0], ""ocorrencias_moda"": 21, ""iqr"": 0.0}","{""n"": 21, ""min"": 6.0, ""max"": 11.0, ""media"": 7.571428571428571, ""mediana"": 7.0, ""desvio_padrao"": 1.3255726525328053, ""q1"": 7.0, ""q3"": 8.0, ""p90"": 9.0, ""p95"": 10.0, ""modas"": [7.0], ""ocorrencias_moda"": 8, ""iqr"": 1.0}","{""n"": 27, ""min"": 21.26890349999303, ""max"": 30.047664999990957, ""media"": 24.26547242592723, ""mediana"": 24.768299400020624, ""desvio_padrao"": 1.8468098122169534, ""q1"": 22.689197400017292, ""q3"": 25.38150035000581, ""p90"": 25.78569861999713, ""p95"": 26.240767090013833, ""modas"": [21.26890349999303, 21.800342999980785, 21.96913179999683, 22.421377199993003, 22.43775560002541, 22.439171700010775, 22.508383700012928, 22.870011100021657, 23.286632900009863, 23.305099099990912, 23.46767670000554, 24.099263500014786, 24.169769700005418, 24.768299400020624, 24.794643899978837, 24.81213039997965, 24.84143529998255, 24.94841759998235, 25.101573100022506, 25.375158300012117, 25.3878423999995, 25.495716700010234, 25.566797499981476, 25.627237699984107, 26.02339000001666, 26.33392870001262, 30.047664999990957], ""ocorrencias_moda"": 1, ""iqr"": 2.692302949988516}",31357,"[18.0, 20.0]","{""14"": {""sucessos"": 0, ""total"": 27, ""percentual"": 0.0, ""ic95"": [0.0, 12.455502974186704]}, ""15"": {""sucessos"": 0, ""total"": 27, ""percentual"": 0.0, ""ic95"": [0.0, 12.455502974186704]}, ""18"": {""sucessos"": 8, ""total"": 27, ""percentual"": 29.62962962962963, ""ic95"": [15.853040469779772, 48.48068296414815]}, ""22"": {""sucessos"": 19, ""total"": 27, ""percentual"": 70.37037037037037, ""ic95"": [51.519317035851856, 84.14695953022023]}}",40 nós | LB FULL | K4_NAND_NOR_XOR_NOT,80001
5d8f97bb43d9,40,K5_OR_NAND_NOR_XOR_XNOR,"{""n"": 21, ""min"": 14.0, ""max"": 21.0, ""media"": 18.142857142857142, ""mediana"": 18.0, ""desvio_padrao"": 1.7687768170607134, ""q1"": 18.0, ""q3"": 19.0, ""p90"": 20.0, ""p95"": 21.0, ""modas"": [18.0], ""ocorrencias_moda"": 9, ""iqr"": 1.0}",FULL,4,7,20000,4,SINGLE_ATIVO_DIRETO,False,True,False,70,or | nand | nor | xor | xnor,27,21,77.77777777777777,"[59.24307113336743, 89.39276054763997]","[20, 21, 22, 23, 24, 25, 26, 27, 28, 29, 30, 31, 32, 33, 34, 35, 36, 37, 38, 39, 40, 41, 42, 43, 44, 45, 46]","{""n"": 27, ""min"": 98.57142857142857, ""max"": 100.0, ""media"": 99.68253968253968, ""mediana"": 100.0, ""desvio_padrao"": 0.6052275326688032, ""q1"": 100.0, ""q3"": 100.0, ""p90"": 100.0, ""p95"": 100.0, ""modas"": [100.0], ""ocorrencias_moda"": 21, ""iqr"": 0.0}","{""n"": 21, ""min"": 5.0, ""max"": 10.0, ""media"": 7.0476190476190474, ""mediana"": 7.0, ""desvio_padrao"": 1.4309504001254019, ""q1"": 6.0, ""q3"": 8.0, ""p90"": 9.0, ""p95"": 10.0, ""modas"": [6.0], ""ocorrencias_moda"": 7, ""iqr"": 2.0}","{""n"": 27, ""min"": 19.00257579999743, ""max"": 31.749498499993933, ""media"": 25.93847584444275, ""mediana"": 26.65759360001539, ""desvio_padrao"": 4.144799758529587, ""q1"": 22.224680250001256, ""q3"": 29.263552449992858, ""p90"": 30.60111015998991, ""p95"": 30.77277812999091, ""modas"": [19.00257579999743, 19.103582099982304, 19.118917800020427, 20.064649199979613, 20.12499020001269, 20.441391999978805, 20.83848279999802, 23.610877700004494, 25.39127229998121, 26.149296499992488, 26.235762100026477, 26.24022989999503, 26.43542399999569, 26.65759360001539, 27.135794100002386, 27.166102299990598, 27.506624600006035, 28.036128200008534, 28.78336629999103, 29.17462509998586, 29.352479799999855, 29.96186100001796, 30.024585000006482, 30.490275399992242, 30.767362299986416, 30.775099199992837, 31.749498499993933], ""ocorrencias_moda"": 1, ""iqr"": 7.0388721999916015}",36133,"[18.0, 19.0]","{""14"": {""sucessos"": 1, ""total"": 27, ""percentual"": 3.7037037037037037, ""ic95"": [0.6568145980785132, 18.283465933575844]}, ""15"": {""sucessos"": 2, ""total"": 27, ""percentual"": 7.407407407407407, ""ic95"": [2.055465406098865, 23.369592683023143]}, ""18"": {""sucessos"": 14, ""total"": 27, ""percentual"": 51.851851851851855, ""ic95"": [33.98561575495229, 69.25677302378152]}, ""22"": {""sucessos"": 21, ""total"": 27, ""percentual"": 77.77777777777777, ""ic95"": [59.24307113336743, 89.39276054763997]}}",40 nós | LB FULL | K5_OR_NAND_NOR_XOR_XNOR,80001
6583be88b9d1,40,K4_OR_NAND_XOR_XNOR,"{""n"": 21, ""min"": 16.0, ""max"": 24.0, ""media"": 19.523809523809526, ""mediana"": 19.0, ""desvio_padrao"": 2.204972734957229, ""q1"": 18.0, ""q3"": 21.0, ""p90"": 22.0, ""p95"": 23.0, ""modas"": [19.0], ""ocorrencias_moda"": 4, ""iqr"": 3.0}",FULL,4,7,20000,4,SINGLE_ATIVO_DIRETO,False,True,False,70,or | nand | xor | xnor,27,21,77.77777777777777,"[59.24307113336743, 89.39276054763997]","[20, 21, 22, 23, 24, 25, 26, 27, 28, 29, 30, 31, 32, 33, 34, 35, 36, 37, 38, 39, 40, 41, 42, 43, 44, 45, 46]","{""n"": 27, ""min"": 98.57142857142857, ""max"": 100.0, ""media"": 99.68253968253968, ""mediana"": 100.0, ""desvio_padrao"": 0.6052275326688032, ""q1"": 100.0, ""q3"": 100.0, ""p90"": 100.0, ""p95"": 100.0, ""modas"": [100.0], ""ocorrencias_moda"": 21, ""iqr"": 0.0}","{""n"": 21, ""min"": 5.0, ""max"": 9.0, ""media"": 6.9523809523809526, ""mediana"": 7.0, ""desvio_padrao"": 1.3955712262794213, ""q1"": 6.0, ""q3"": 8.0, ""p90"": 9.0, ""p95"": 9.0, ""modas"": [7.0], ""ocorrencias_moda"": 6, ""iqr"": 2.0}","{""n"": 27, ""min"": 22.118690900009824, ""max"": 35.04730829998152, ""media"": 25.021197600001297, ""mediana"": 24.905312699993374, ""desvio_padrao"": 2.5964410284718644, ""q1"": 23.014150899995002, ""q3"": 26.044669300012174, ""p90"": 26.573788220004644, ""p95"": 28.244022959985884, ""modas"": [22.118690900009824, 22.605735499993898, 22.821812100009993, 22.822930700000143, 22.82329080000636, 22.828733100002864, 22.93058660000679, 23.097715199983213, 23.409656800009543, 23.427511499990942, 23.790357799996855, 24.400068799994187, 24.611504100001184, 24.905312699993374, 25.150048500014236, 25.207396899990272, 25.5311372000142, 25.720680400001584, 25.722607700008666, 26.040860200009774, 26.048478400014574, 26.19732180002029, 26.24602029999369, 26.28787050000392, 27.002664800005732, 28.77603359997738, 35.04730829998152], ""ocorrencias_moda"": 1, ""iqr"": 3.030518400017172}",34917,"[18.0, 21.0]","{""14"": {""sucessos"": 0, ""total"": 27, ""percentual"": 0.0, ""ic95"": [0.0, 12.455502974186704]}, ""15"": {""sucessos"": 0, ""total"": 27, ""percentual"": 0.0, ""ic95"": [0.0, 12.455502974186704]}, ""18"": {""sucessos"": 7, ""total"": 27, ""percentual"": 25.925925925925927, ""ic95"": [13.170374561907197, 44.678571314553075]}, ""22"": {""sucessos"": 19, ""total"": 27, ""percentual"": 70.37037037037037, ""ic95"": [51.519317035851856, 84.14695953022023]}}",40 nós | LB FULL | K4_OR_NAND_XOR_XNOR,80001
9490faa9d43c,40,K6_OR_NAND_NOR_XOR_XNOR_NOT,"{""n"": 21, ""min"": 15.0, ""max"": 20.0, ""media"": 17.714285714285715, ""mediana"": 18.0, ""desvio_padrao"": 1.4540583599999397, ""q1"": 17.0, ""q3"": 19.0, ""p90"": 19.0, ""p95"": 19.0, ""modas"": [19.0], ""ocorrencias_moda"": 7, ""iqr"": 2.0}",FULL,4,7,20000,4,SINGLE_ATIVO_DIRETO,False,True,False,70,or | nand | nor | xor | xnor | not,27,21,77.77777777777777,"[59.24307113336743, 89.39276054763997]","[20, 21, 22, 23, 24, 25, 26, 27, 28, 29, 30, 31, 32, 33, 34, 35, 36, 37, 38, 39, 40, 41, 42, 43, 44, 45, 46]","{""n"": 27, ""min"": 98.57142857142857, ""max"": 100.0, ""media"": 99.68253968253968, ""mediana"": 100.0, ""desvio_padrao"": 0.6052275326688032, ""q1"": 100.0, ""q3"": 100.0, ""p90"": 100.0, ""p95"": 100.0, ""modas"": [100.0], ""ocorrencias_moda"": 21, ""iqr"": 0.0}","{""n"": 21, ""min"": 4.0, ""max"": 9.0, ""media"": 7.0, ""mediana"": 7.0, ""desvio_padrao"": 1.1832159566199232, ""q1"": 7.0, ""q3"": 8.0, ""p90"": 8.0, ""p95"": 9.0, ""modas"": [7.0], ""ocorrencias_moda"": 10, ""iqr"": 1.0}","{""n"": 27, ""min"": 24.27111969998805, ""max"": 42.32574480000767, ""media"": 28.13410872222071, ""mediana"": 26.835846100002527, ""desvio_padrao"": 4.105618639702483, ""q1"": 25.750247949996265, ""q3"": 27.841544799986877, ""p90"": 32.65438743999694, ""p95"": 35.534292890012146, ""modas"": [24.27111969998805, 24.44914370001061, 24.759118800022407, 25.000918700010516, 25.488834099989617, 25.60311009999714, 25.671425200009253, 25.829070699983276, 26.105932300008135, 26.31858339998871, 26.3251498999889, 26.420721200003754, 26.48037919998751, 26.835846100002527, 26.90372189998743, 26.90829710001708, 27.519146899983753, 27.545664299977943, 27.68683379999129, 27.786808499979088, 27.896281099994667, 31.416668100020615, 32.02169799999683, 32.468221999995876, 32.933635599998524, 36.648860300017986, 42.32574480000767], ""ocorrencias_moda"": 1, ""iqr"": 2.091296849990613}",28025,"[17.0, 19.0]","{""14"": {""sucessos"": 0, ""total"": 27, ""percentual"": 0.0, ""ic95"": [0.0, 12.455502974186704]}, ""15"": {""sucessos"": 2, ""total"": 27, ""percentual"": 7.407407407407407, ""ic95"": [2.055465406098865, 23.369592683023143]}, ""18"": {""sucessos"": 13, ""total"": 27, ""percentual"": 48.148148148148145, ""ic95"": [30.743226976218473, 66.01438424504771]}, ""22"": {""sucessos"": 21, ""total"": 27, ""percentual"": 77.77777777777777, ""ic95"": [59.24307113336743, 89.39276054763997]}}",40 nós | LB FULL | sem AND,80001
bb72fb6eb67e,40,K5_AND_OR_NOR_XOR_XNOR,"{""n"": 21, ""min"": 16.0, ""max"": 24.0, ""media"": 19.428571428571427, ""mediana"": 20.0, ""desvio_padrao"": 2.4201534780139164, ""q1"": 17.0, ""q3"": 21.0, ""p90"": 22.0, ""p95"": 23.0, ""modas"": [20.0], ""ocorrencias_moda"": 4, ""iqr"": 4.0}",FULL,4,7,20000,4,SINGLE_ATIVO_DIRETO,False,True,False,70,and | or | nor | xor | xnor,27,21,77.77777777777777,"[59.24307113336743, 89.39276054763997]","[20, 21, 22, 23, 24, 25, 26, 27, 28, 29, 30, 31, 32, 33, 34, 35, 36, 37, 38, 39, 40, 41, 42, 43, 44, 45, 46]","{""n"": 27, ""min"": 97.14285714285714, ""max"": 100.0, ""media"": 99.62962962962963, ""mediana"": 100.0, ""desvio_padrao"": 0.7509901985192577, ""q1"": 100.0, ""q3"": 100.0, ""p90"": 100.0, ""p95"": 100.0, ""modas"": [100.0], ""ocorrencias_moda"": 21, ""iqr"": 0.0}","{""n"": 21, ""min"": 5.0, ""max"": 10.0, ""media"": 7.333333333333333, ""mediana"": 7.0, ""desvio_padrao"": 1.35400640077266, ""q1"": 6.0, ""q3"": 8.0, ""p90"": 9.0, ""p95"": 10.0, ""modas"": [7.0], ""ocorrencias_moda"": 7, ""iqr"": 2.0}","{""n"": 27, ""min"": 23.071779999998398, ""max"": 30.752896499994677, ""media"": 26.05966755926083, ""mediana"": 26.100438499997836, ""desvio_padrao"": 2.011847363166766, ""q1"": 24.317472499984433, ""q3"": 27.409530499993707, ""p90"": 27.872801620006793, ""p95"": 29.47312051001063, ""modas"": [23.071779999998398, 23.2884029999841, 23.42076239999733, 23.420932900015032, 23.92696780001279, 24.051941500016255, 24.310540799982846, 24.32440419998602, 24.373873899981845, 25.31744680000702, 25.708638600015547, 25.775457899988396, 26.07671819999814, 26.100438499997836, 26.15777370001888, 26.502568199997768, 26.934601300017675, 27.027647200011415, 27.23181250001653, 27.40651559998514, 27.412545400002273, 27.5096654999943, 27.62288969999645, 27.72739270000602, 28.090915000007953, 30.06549430001178, 30.752896499994677], ""ocorrencias_moda"": 1, ""iqr"": 3.092058000009274}",35613,"[18.0, 21.0]","{""14"": {""sucessos"": 0, ""total"": 27, ""percentual"": 0.0, ""ic95"": [0.0, 12.455502974186704]}, ""15"": {""sucessos"": 0, ""total"": 27, ""percentual"": 0.0, ""ic95"": [0.0, 12.455502974186704]}, ""18"": {""sucessos"": 8, ""total"": 27, ""percentual"": 29.62962962962963, ""ic95"": [15.853040469779772, 48.48068296414815]}, ""22"": {""sucessos"": 19, ""total"": 27, ""percentual"": 70.37037037037037, ""ic95"": [51.519317035851856, 84.14695953022023]}}",40 nós | LB FULL | K5_AND_OR_NOR_XOR_XNOR,80001
6219bfbea7be,40,K5_OR_NAND_NOR_XOR_NOT,"{""n"": 20, ""min"": 16.0, ""max"": 22.0, ""media"": 18.3, ""mediana"": 18.0, ""desvio_padrao"": 1.5252264715358452, ""q1"": 17.75, ""q3"": 19.0, ""p90"": 20.0, ""p95"": 20.1, ""modas"": [18.0], ""ocorrencias_moda"": 7, ""iqr"": 1.25}",FULL,4,7,20000,4,SINGLE_ATIVO_DIRETO,False,True,False,70,or | nand | nor | xor | not,27,20,74.07407407407408,"[55.32142868544692, 86.8296254380928]","[20, 21, 22, 23, 24, 25, 26, 27, 28, 29, 30, 31, 32, 33, 34, 35, 36, 37, 38, 39, 40, 41, 42, 43, 44, 45, 46]","{""n"": 27, ""min"": 97.14285714285714, ""max"": 100.0, ""media"": 99.57671957671958, ""mediana"": 100.0, ""desvio_padrao"": 0.7738682235648765, ""q1"": 99.28571428571428, ""q3"": 100.0, ""p90"": 100.0, ""p95"": 100.0, ""modas"": [100.0], ""ocorrencias_moda"": 20, ""iqr"": 0.7142857142857224}","{""n"": 20, ""min"": 5.0, ""max"": 10.0, ""media"": 6.6, ""mediana"": 7.0, ""desvio_padrao"": 1.3138933706635727, ""q1"": 5.75, ""q3"": 7.0, ""p90"": 8.0, ""p95"": 8.100000000000001, ""modas"": [7.0], ""ocorrencias_moda"": 7, ""iqr"": 1.25}","{""n"": 27, ""min"": 20.612606400012737, ""max"": 29.354351599991787, ""media"": 25.868227359258864, ""mediana"": 25.953762799996184, ""desvio_padrao"": 2.162272869490809, ""q1"": 24.187637449998874, ""q3"": 26.78026785000111, ""p90"": 28.95140642001061, ""p95"": 29.259920770008467, ""modas"": [20.612606400012737, 22.571381599991582, 23.365476500010118, 23.48985049998737, 23.747392099990975, 23.90593059998355, 24.066279999999097, 24.308994899998652, 25.29918830000679, 25.50488839999889, 25.650466699997196, 25.90639290001127, 25.907451000006404, 25.953762799996184, 26.011564399988856, 26.166594399983296, 26.48512800000026, 26.55453750002198, 26.67234930000268, 26.68233139999211, 26.87820430001011, 27.548460699996212, 28.518321199982893, 28.848360500007402, 29.105975300015416, 29.325897400005488, 29.354351599991787], ""ocorrencias_moda"": 1, ""iqr"": 2.5926304000022355}",32699.0,"[18.0, 19.0]","{""14"": {""sucessos"": 0, ""total"": 27, ""percentual"": 0.0, ""ic95"": [0.0, 12.455502974186704]}, ""15"": {""sucessos"": 0, ""total"": 27, ""percentual"": 0.0, ""ic95"": [0.0, 12.455502974186704]}, ""18"": {""sucessos"": 12, ""total"": 27, ""percentual"": 44.44444444444444, ""ic95"": [27.585858177023002, 62.68697548677551]}, ""22"": {""sucessos"": 20, ""total"": 27, ""percentual"": 74.07407407407408, ""ic95"": [55.32142868544692, 86.8296254380928]}}",40 nós | LB FULL | K5_OR_NAND_NOR_XOR_NOT,80001
88aac75cc088,40,K5_OR_NOR_XOR_XNOR_NOT,"{""n"": 20, ""min"": 15.0, ""max"": 23.0, ""media"": 19.35, ""mediana"": 19.5, ""desvio_padrao"": 1.9808291724745766, ""q1"": 18.0, ""q3"": 20.25, ""p90"": 21.200000000000003, ""p95"": 23.0, ""modas"": [20.0], ""ocorrencias_moda"": 5, ""iqr"": 2.25}",FULL,4,7,20000,4,SINGLE_ATIVO_DIRETO,False,True,False,70,or | nor | xor | xnor | not,27,20,74.07407407407408,"[55.32142868544692, 86.8296254380928]","[20, 21, 22, 23, 24, 25, 26, 27, 28, 29, 30, 31, 32, 33, 34, 35, 36, 37, 38, 39, 40, 41, 42, 43, 44, 45, 46]","{""n"": 27, ""min"": 97.14285714285714, ""max"": 100.0, ""media"": 99.57671957671958, ""mediana"": 100.0, ""desvio_padrao"": 0.7738682235648765, ""q1"": 99.28571428571428, ""q3"": 100.0, ""p90"": 100.0, ""p95"": 100.0, ""modas"": [100.0], ""ocorrencias_moda"": 20, ""iqr"": 0.7142857142857224}","{""n"": 20, ""min"": 5.0, ""max"": 9.0, ""media"": 6.75, ""mediana"": 7.0, ""desvio_padrao"": 1.019545822516343, ""q1"": 6.0, ""q3"": 7.0, ""p90"": 8.0, ""p95"": 8.05, ""modas"": [7.0], ""ocorrencias_moda"": 8, ""iqr"": 1.0}","{""n"": 27, ""min"": 22.581151000020327, ""max"": 31.024089499987895, ""media"": 26.12055509629405, ""mediana"": 26.069855200010352, ""desvio_padrao"": 2.194775025011224, ""q1"": 24.5850175999949, ""q3"": 27.475653499990585, ""p90"": 28.739925180008868, ""p95"": 29.82579311999725, ""modas"": [22.581151000020327, 22.920239400002174, 22.930370499991113, 23.448660299996845, 23.760271599981934, 23.956017199991038, 23.995177200005855, 25.174857999983942, 25.215192799980287, 25.52925660001347, 25.726670300005935, 25.912890000006882, 26.028890499990666, 26.069855200010352, 26.132019399985438, 26.25152970000636, 26.447753699991154, 26.511772300000302, 26.530848099995637, 27.09399249998387, 27.8573144999973, 27.94459110000753, 28.454622099990956, 28.64149570002337, 28.887569399987115, 30.227889000001596, 31.024089499987895], ""ocorrencias_moda"": 1, ""iqr"": 2.8906358999956865}",43327.0,"[18.0, 20.0]","{""14"": {""sucessos"": 0, ""total"": 27, ""percentual"": 0.0, ""ic95"": [0.0, 12.455502974186704]}, ""15"": {""sucessos"": 1, ""total"": 27, ""percentual"": 3.7037037037037037, ""ic95"": [0.6568145980785132, 18.283465933575844]}, ""18"": {""sucessos"": 7, ""total"": 27, ""percentual"": 25.925925925925927, ""ic95"": [13.170374561907197, 44.678571314553075]}, ""22"": {""sucessos"": 18, ""total"": 27, ""percentual"": 66.66666666666667, ""ic95"": [47.82476050732008, 81.35673850128435]}}",40 nós | LB FULL | K5_OR_NOR_XOR_XNOR_NOT,80001
8bd8dda9f63e,40,K5_AND_OR_NAND_XOR_NOT,"{""n"": 20, ""min"": 14.0, ""max"": 26.0, ""media"": 18.3, ""mediana"": 18.0, ""desvio_padrao"": 2.4083189157584592, ""q1"": 17.0, ""q3"": 19.0, ""p90"": 20.1, ""p95"": 21.250000000000004, ""modas"": [18.0], ""ocorrencias_moda"": 6, ""iqr"": 2.0}",FULL,4,7,20000,4,SINGLE_ATIVO_DIRETO,False,True,False,70,and | or | nand | xor | not,27,20,74.07407407407408,"[55.32142868544692, 86.8296254380928]","[20, 21, 22, 23, 24, 25, 26, 27, 28, 29, 30, 31, 32, 33, 34, 35, 36, 37, 38, 39, 40, 41, 42, 43, 44, 45, 46]","{""n"": 27, ""min"": 98.57142857142857, ""max"": 100.0, ""media"": 99.62962962962963, ""mediana"": 100.0, ""desvio_padrao"": 0.6379658352924615, ""q1"": 99.28571428571428, ""q3"": 100.0, ""p90"": 100.0, ""p95"": 100.0, ""modas"": [100.0], ""ocorrencias_moda"": 20, ""iqr"": 0.7142857142857224}","{""n"": 20, ""min"": 5.0, ""max"": 9.0, ""media"": 6.95, ""mediana"": 7.0, ""desvio_padrao"": 1.2763022245616642, ""q1"": 6.0, ""q3"": 8.0, ""p90"": 8.100000000000001, ""p95"": 9.0, ""modas"": [8.0], ""ocorrencias_moda"": 6, ""iqr"": 2.0}","{""n"": 27, ""min"": 22.540864999988116, ""max"": 27.115313499991316, ""media"": 25.038310981486035, ""mediana"": 25.436692900024354, ""desvio_padrao"": 1.332088188078558, ""q1"": 23.876183300002594, ""q3"": 25.919665800000075, ""p90"": 26.614844000013544, ""p95"": 26.837340540011063, ""modas"": [22.540864999988116, 23.064949100022204, 23.075382399983937, 23.350020499987295, 23.549023400002625, 23.60447709998698, 23.817107199982274, 23.935259400022915, 24.091401800018502, 24.37269460002426, 24.568931800022256, 24.740910799999256, 25.432439500000328, 25.436692900024354, 25.552260299999034, 25.688674500008347, 25.752681599988136, 25.796337800013134, 25.824994200025685, 25.875308599992422, 25.964023000007728, 26.206731300015235, 26.52533439997933, 26.546227200014982, 26.71776920001139, 26.888585400010925, 27.115313499991316], ""ocorrencias_moda"": 1, ""iqr"": 2.0434824999974808}",31873.0,"[17.5, 19.0]","{""14"": {""sucessos"": 1, ""total"": 27, ""percentual"": 3.7037037037037037, ""ic95"": [0.6568145980785132, 18.283465933575844]}, ""15"": {""sucessos"": 1, ""total"": 27, ""percentual"": 3.7037037037037037, ""ic95"": [0.6568145980785132, 18.283465933575844]}, ""18"": {""sucessos"": 12, ""total"": 27, ""percentual"": 44.44444444444444, ""ic95"": [27.585858177023002, 62.68697548677551]}, ""22"": {""sucessos"": 19, ""total"": 27, ""percentual"": 70.37037037037037, ""ic95"": [51.519317035851856, 84.14695953022023]}}",40 nós | LB FULL | K5_AND_OR_NAND_XOR_NOT,80001
35f05f5b9c8b,40,K4_NAND_NOR_XNOR_NOT,"{""n"": 19, ""min"": 16.0, ""max"": 21.0, ""media"": 18.736842105263158, ""mediana"": 19.0, ""desvio_padrao"": 1.2841817655680772, ""q1"": 18.0, ""q3"": 20.0, ""p90"": 20.0, ""p95"": 20.099999999999998, ""modas"": [18.0, 19.0, 20.0], ""ocorrencias_moda"": 5, ""iqr"": 2.0}",FULL,4,7,20000,4,SINGLE_ATIVO_DIRETO,False,True,False,70,nand | nor | xnor | not,27,19,70.37037037037037,"[51.519317035851856, 84.14695953022023]","[20, 21, 22, 23, 24, 25, 26, 27, 28, 29, 30, 31, 32, 33, 34, 35, 36, 37, 38, 39, 40, 41, 42, 43, 44, 45, 46]","{""n"": 27, ""min"": 98.57142857142857, ""max"": 100.0, ""media"": 99.57671957671958, ""mediana"": 100.0, ""desvio_padrao"": 0.6647451813829655, ""q1"": 98.57142857142857, ""q3"": 100.0, ""p90"": 100.0, ""p95"": 100.0, ""modas"": [100.0], ""ocorrencias_moda"": 19, ""iqr"": 1.4285714285714306}","{""n"": 19, ""min"": 5.0, ""max"": 9.0, ""media"": 6.7368421052631575, ""mediana"": 7.0, ""desvio_padrao"": 1.1470786693528088, ""q1"": 6.0, ""q3"": 7.5, ""p90"": 8.0, ""p95"": 8.099999999999998, ""modas"": [7.0], ""ocorrencias_moda"": 6, ""iqr"": 1.5}","{""n"": 27, ""min"": 22.627844900009222, ""max"": 28.027718600002117, ""media"": 25.494680359260034, ""mediana"": 25.36741739997524, ""desvio_padrao"": 1.362548460129519, ""q1"": 24.60635285000899, ""q3"": 26.528746400013915, ""p90"": 27.199730359995737, ""p95"": 27.391527200001292, ""modas"": [22.627844900009222, 23.496269900002517, 23.812831799994456, 23.818398100003833, 23.83698260001256, 24.23962720000418, 24.52050130002317, 24.692204399994807, 24.99608929999522, 25.019246100011514, 25.06502849998651, 25.271863400004804, 25.339835799997672, 25.36741739997524, 25.398657300014747, 25.738558799988823, 25.959107199974824, 26.02631340001244, 26.249452599993674, 26.395304000005126, 26.662188800022705, 26.914443199988455, 27.019421300006798, 27.114870999997947, 27.327019399992423, 27.419173400005093, 28.027718600002117], ""ocorrencias_moda"": 1, ""iqr"": 1.9223935500049265}",33425,"[18.0, 20.0]","{""14"": {""sucessos"": 0, ""total"": 27, ""percentual"": 0.0, ""ic95"": [0.0, 12.455502974186704]}, ""15"": {""sucessos"": 0, ""total"": 27, ""percentual"": 0.0, ""ic95"": [0.0, 12.455502974186704]}, ""18"": {""sucessos"": 8, ""total"": 27, ""percentual"": 29.62962962962963, ""ic95"": [15.853040469779772, 48.48068296414815]}, ""22"": {""sucessos"": 19, ""total"": 27, ""percentual"": 70.37037037037037, ""ic95"": [51.519317035851856, 84.14695953022023]}}",40 nós | LB FULL | K4_NAND_NOR_XNOR_NOT,80001
8184be5ce882,40,K6_AND_OR_NAND_NOR_XNOR_NOT,"{""n"": 19, ""min"": 15.0, ""max"": 21.0, ""media"": 18.63157894736842, ""mediana"": 18.0, ""desvio_padrao"": 1.738790330334712, ""q1"": 18.0, ""q3"": 20.0, ""p90"": 21.0, ""p95"": 21.0, ""modas"": [18.0], ""ocorrencias_moda"": 6, ""iqr"": 2.0}",FULL,4,7,20000,4,SINGLE_ATIVO_DIRETO,False,True,False,70,and | or | nand | nor | xnor | not,27,19,70.37037037037037,"[51.519317035851856, 84.14695953022023]","[20, 21, 22, 23, 24, 25, 26, 27, 28, 29, 30, 31, 32, 33, 34, 35, 36, 37, 38, 39, 40, 41, 42, 43, 44, 45, 46]","{""n"": 27, ""min"": 98.57142857142857, ""max"": 100.0, ""media"": 99.57671957671958, ""mediana"": 100.0, ""desvio_padrao"": 0.6647451813829655, ""q1"": 98.57142857142857, ""q3"": 100.0, ""p90"": 100.0, ""p95"": 100.0, ""modas"": [100.0], ""ocorrencias_moda"": 19, ""iqr"": 1.4285714285714306}","{""n"": 19, ""min"": 6.0, ""max"": 10.0, ""media"": 7.157894736842105, ""mediana"": 7.0, ""desvio_padrao"": 1.213953957333768, ""q1"": 6.0, ""q3"": 8.0, ""p90"": 9.0, ""p95"": 9.099999999999998, ""modas"": [6.0], ""ocorrencias_moda"": 7, ""iqr"": 2.0}","{""n"": 27, ""min"": 22.051688600011403, ""max"": 31.412717600003816, ""media"": 25.589001892593743, ""mediana"": 25.32400319998851, ""desvio_padrao"": 2.046518337608587, ""q1"": 23.98799205000978, ""q3"": 26.684402150000096, ""p90"": 28.041975880006795, ""p95"": 28.38363337001065, ""modas"": [22.051688600011403, 22.888627099979203, 23.237492799991742, 23.44078730000183, 23.45983750000596, 23.60308219998842, 23.89970040001208, 24.07628370000748, 24.973028999986127, 25.01582800000324, 25.056070499995258, 25.109215800010134, 25.282879300008062, 25.32400319998851, 25.51204860000871, 25.614767799997935, 25.97443229999044, 26.169000800000504, 26.236524800013285, 26.312573100003647, 27.056231199996546, 27.246735199994873, 27.348792000004323, 27.94882360001793, 28.181704299990088, 28.47017440001946, 31.412717600003816], ""ocorrencias_moda"": 1, ""iqr"": 2.6964100999903167}",28489,"[18.0, 20.0]","{""14"": {""sucessos"": 0, ""total"": 27, ""percentual"": 0.0, ""ic95"": [0.0, 12.455502974186704]}, ""15"": {""sucessos"": 1, ""total"": 27, ""percentual"": 3.7037037037037037, ""ic95"": [0.6568145980785132, 18.283465933575844]}, ""18"": {""sucessos"": 10, ""total"": 27, ""percentual"": 37.03703703703704, ""ic95"": [21.532512960965605, 55.77076558789762]}, ""22"": {""sucessos"": 19, ""total"": 27, ""percentual"": 70.37037037037037, ""ic95"": [51.519317035851856, 84.14695953022023]}}",40 nós | LB FULL | sem XOR,80001
8d8ba9af5f22,40,K4_NAND_NOR_XOR_XNOR,"{""n"": 19, ""min"": 15.0, ""max"": 22.0, ""media"": 18.210526315789473, ""mediana"": 18.0, ""desvio_padrao"": 1.9025990226360552, ""q1"": 17.0, ""q3"": 19.5, ""p90"": 20.2, ""p95"": 21.099999999999998, ""modas"": [17.0, 19.0], ""ocorrencias_moda"": 4, ""iqr"": 2.5}",FULL,4,7,20000,4,SINGLE_ATIVO_DIRETO,False,True,False,70,nand | nor | xor | xnor,27,19,70.37037037037037,"[51.519317035851856, 84.14695953022023]","[20, 21, 22, 23, 24, 25, 26, 27, 28, 29, 30, 31, 32, 33, 34, 35, 36, 37, 38, 39, 40, 41, 42, 43, 44, 45, 46]","{""n"": 27, ""min"": 97.14285714285714, ""max"": 100.0, ""media"": 99.47089947089947, ""mediana"": 100.0, ""desvio_padrao"": 0.8989919479462756, ""q1"": 98.57142857142857, ""q3"": 100.0, ""p90"": 100.0, ""p95"": 100.0, ""modas"": [100.0], ""ocorrencias_moda"": 19, ""iqr"": 1.4285714285714306}","{""n"": 19, ""min"": 4.0, ""max"": 11.0, ""media"": 7.105263157894737, ""mediana"": 7.0, ""desvio_padrao"": 1.8225359878204284, ""q1"": 6.0, ""q3"": 8.5, ""p90"": 9.0, ""p95"": 9.199999999999996, ""modas"": [6.0], ""ocorrencias_moda"": 7, ""iqr"": 2.5}","{""n"": 27, ""min"": 22.383958799997345, ""max"": 28.018906000012066, ""media"": 24.694524611108204, ""mediana"": 24.967002099991078, ""desvio_padrao"": 1.4322874765895188, ""q1"": 23.520715899998322, ""q3"": 25.601467250002315, ""p90"": 26.423468460002915, ""p95"": 26.72025926000788, ""modas"": [22.383958799997345, 22.628785299981246, 22.843591199984076, 22.85067309997976, 23.26554889997351, 23.494082999997772, 23.507194999983767, 23.534236800012877, 23.59321479999926, 23.72496290001436, 23.749487499997485, 24.627740899974015, 24.831241300009424, 24.967002099991078, 25.079537699988578, 25.150270999991335, 25.16418110000086, 25.261925400001928, 25.526428700017277, 25.569211499998346, 25.633723000006285, 25.639540200005285, 26.0358961999882, 26.25847749999957, 26.670954900007928, 26.741389700007858, 28.018906000012066], ""ocorrencias_moda"": 1, ""iqr"": 2.080751350003993}",36137,"[17.0, 19.0]","{""14"": {""sucessos"": 0, ""total"": 27, ""percentual"": 0.0, ""ic95"": [0.0, 12.455502974186704]}, ""15"": {""sucessos"": 1, ""total"": 27, ""percentual"": 3.7037037037037037, ""ic95"": [0.6568145980785132, 18.283465933575844]}, ""18"": {""sucessos"": 10, ""total"": 27, ""percentual"": 37.03703703703704, ""ic95"": [21.532512960965605, 55.77076558789762]}, ""22"": {""sucessos"": 19, ""total"": 27, ""percentual"": 70.37037037037037, ""ic95"": [51.519317035851856, 84.14695953022023]}}",40 nós | LB FULL | K4_NAND_NOR_XOR_XNOR,80001
a044db04614f,40,K6_AND_OR_NAND_XOR_XNOR_NOT,"{""n"": 19, ""min"": 15.0, ""max"": 24.0, ""media"": 18.210526315789473, ""mediana"": 18.0, ""desvio_padrao"": 2.2504060712191736, ""q1"": 17.0, ""q3"": 19.5, ""p90"": 20.2, ""p95"": 21.299999999999994, ""modas"": [17.0], ""ocorrencias_moda"": 5, ""iqr"": 2.5}",FULL,4,7,20000,4,SINGLE_ATIVO_DIRETO,False,True,False,70,and | or | nand | xor | xnor | not,27,19,70.37037037037037,"[51.519317035851856, 84.14695953022023]","[20, 21, 22, 23, 24, 25, 26, 27, 28, 29, 30, 31, 32, 33, 34, 35, 36, 37, 38, 39, 40, 41, 42, 43, 44, 45, 46]","{""n"": 27, ""min"": 97.14285714285714, ""max"": 100.0, ""media"": 99.52380952380952, ""mediana"": 100.0, ""desvio_padrao"": 0.7924288517503284, ""q1"": 98.57142857142857, ""q3"": 100.0, ""p90"": 100.0, ""p95"": 100.0, ""modas"": [100.0], ""ocorrencias_moda"": 19, ""iqr"": 1.4285714285714306}","{""n"": 19, ""min"": 6.0, ""max"": 10.0, ""media"": 7.105263157894737, ""mediana"": 7.0, ""desvio_padrao"": 1.1002392084403616, ""q1"": 6.0, ""q3"": 8.0, ""p90"": 8.0, ""p95"": 8.199999999999996, ""modas"": [6.0], ""ocorrencias_moda"": 7, ""iqr"": 2.0}","{""n"": 27, ""min"": 22.213369600009173, ""max"": 28.404413600015687, ""media"": 25.486733496294754, ""mediana"": 25.558565299987094, ""desvio_padrao"": 1.641443680705619, ""q1"": 24.08830049999233, ""q3"": 26.9191864500026, ""p90"": 27.256520939990878, ""p95"": 27.396301029995083, ""modas"": [22.213369600009173, 23.12768030000734, 23.178736300003948, 23.25726489999215, 23.749118299980182, 23.85186039999826, 24.006216499983566, 24.17038450000109, 24.28107669999008, 25.26872540000477, 25.2915071999887, 25.414475900004618, 25.42221019999124, 25.558565299987094, 25.59265659999801, 25.696006099984515, 25.793003100028727, 26.890617800003383, 26.892001200001687, 26.902444300008938, 26.93592859999626, 27.13057629999821, 27.155860300001223, 27.171515299996827, 27.384029399981955, 27.40156030000071, 28.404413600015687], ""ocorrencias_moda"": 1, ""iqr"": 2.83088595001027}",42629,"[17.0, 19.0]","{""14"": {""sucessos"": 0, ""total"": 27, ""percentual"": 0.0, ""ic95"": [0.0, 12.455502974186704]}, ""15"": {""sucessos"": 2, ""total"": 27, ""percentual"": 7.407407407407407, ""ic95"": [2.055465406098865, 23.369592683023143]}, ""18"": {""sucessos"": 10, ""total"": 27, ""percentual"": 37.03703703703704, ""ic95"": [21.532512960965605, 55.77076558789762]}, ""22"": {""sucessos"": 18, ""total"": 27, ""percentual"": 66.66666666666667, ""ic95"": [47.82476050732008, 81.35673850128435]}}",40 nós | LB FULL | sem NOR,80001
b81efd5ef713,40,K5_AND_NAND_NOR_XOR_NOT,"{""n"": 19, ""min"": 15.0, ""max"": 24.0, ""media"": 17.94736842105263, ""mediana"": 17.0, ""desvio_padrao"": 2.120631043673513, ""q1"": 17.0, ""q3"": 18.5, ""p90"": 20.2, ""p95"": 21.299999999999994, ""modas"": [17.0], ""ocorrencias_moda"": 6, ""iqr"": 1.5}",FULL,4,7,20000,4,SINGLE_ATIVO_DIRETO,False,True,False,70,and | nand | nor | xor | not,27,19,70.37037037037037,"[51.519317035851856, 84.14695953022023]","[20, 21, 22, 23, 24, 25, 26, 27, 28, 29, 30, 31, 32, 33, 34, 35, 36, 37, 38, 39, 40, 41, 42, 43, 44, 45, 46]","{""n"": 27, ""min"": 98.57142857142857, ""max"": 100.0, ""media"": 99.57671957671958, ""mediana"": 100.0, ""desvio_padrao"": 0.6647451813829655, ""q1"": 98.57142857142857, ""q3"": 100.0, ""p90"": 100.0, ""p95"": 100.0, ""modas"": [100.0], ""ocorrencias_moda"": 19, ""iqr"": 1.4285714285714306}","{""n"": 19, ""min"": 5.0, ""max"": 9.0, ""media"": 6.684210526315789, ""mediana"": 6.0, ""desvio_padrao"": 1.002919714242558, ""q1"": 6.0, ""q3"": 7.0, ""p90"": 8.0, ""p95"": 8.099999999999998, ""modas"": [6.0], ""ocorrencias_moda"": 9, ""iqr"": 1.0}","{""n"": 27, ""min"": 22.578728099993896, ""max"": 26.895490199996857, ""media"": 24.961806740733596, ""mediana"": 24.970895499980543, ""desvio_padrao"": 1.1049005903224494, ""q1"": 24.2400357999868, ""q3"": 25.780370199980098, ""p90"": 26.10091872000485, ""p95"": 26.638589349979885, ""modas"": [22.578728099993896, 22.927158600010443, 23.256598500011023, 23.836659699998563, 24.079209699993953, 24.189897799980827, 24.231423999997787, 24.24864759997581, 24.383714199997485, 24.466436399990926, 24.65604919998441, 24.828202699980466, 24.9359359999944, 24.970895499980543, 24.98584269999992, 25.185528600006364, 25.407333999988623, 25.588553799985675, 25.657666099985363, 25.72359399998095, 25.837146399979247, 26.000795500003733, 26.029072400007863, 26.082321400026558, 26.12881469997228, 26.857064199983142, 26.895490199996857], ""ocorrencias_moda"": 1, ""iqr"": 1.5403343999932986}",34593,"[17.0, 18.0]","{""14"": {""sucessos"": 0, ""total"": 27, ""percentual"": 0.0, ""ic95"": [0.0, 12.455502974186704]}, ""15"": {""sucessos"": 1, ""total"": 27, ""percentual"": 3.7037037037037037, ""ic95"": [0.6568145980785132, 18.283465933575844]}, ""18"": {""sucessos"": 14, ""total"": 27, ""percentual"": 51.851851851851855, ""ic95"": [33.98561575495229, 69.25677302378152]}, ""22"": {""sucessos"": 18, ""total"": 27, ""percentual"": 66.66666666666667, ""ic95"": [47.82476050732008, 81.35673850128435]}}",40 nós | LB FULL | K5_AND_NAND_NOR_XOR_NOT,80001
fad2911b4048,40,K5_OR_NAND_XOR_XNOR_NOT,"{""n"": 19, ""min"": 16.0, ""max"": 24.0, ""media"": 18.68421052631579, ""mediana"": 18.0, ""desvio_padrao"": 2.0290290940071523, ""q1"": 17.0, ""q3"": 19.5, ""p90"": 21.0, ""p95"": 21.299999999999994, ""modas"": [17.0, 18.0, 19.0], ""ocorrencias_moda"": 4, ""iqr"": 2.5}",FULL,4,7,20000,4,SINGLE_ATIVO_DIRETO,False,True,False,70,or | nand | xor | xnor | not,27,19,70.37037037037037,"[51.519317035851856, 84.14695953022023]","[20, 21, 22, 23, 24, 25, 26, 27, 28, 29, 30, 31, 32, 33, 34, 35, 36, 37, 38, 39, 40, 41, 42, 43, 44, 45, 46]","{""n"": 27, ""min"": 97.14285714285714, ""max"": 100.0, ""media"": 99.52380952380952, ""mediana"": 100.0, ""desvio_padrao"": 0.7924288517503284, ""q1"": 98.57142857142857, ""q3"": 100.0, ""p90"": 100.0, ""p95"": 100.0, ""modas"": [100.0], ""ocorrencias_moda"": 19, ""iqr"": 1.4285714285714306}","{""n"": 19, ""min"": 4.0, ""max"": 11.0, ""media"": 7.052631578947368, ""mediana"": 7.0, ""desvio_padrao"": 1.7150861400630166, ""q1"": 6.0, ""q3"": 7.0, ""p90"": 9.2, ""p95"": 10.099999999999998, ""modas"": [7.0], ""ocorrencias_moda"": 9, ""iqr"": 1.0}","{""n"": 27, ""min"": 23.050598700006958, ""max"": 30.59728489999543, ""media"": 26.476540988888935, ""mediana"": 26.75845650001429, ""desvio_padrao"": 1.9089374804270245, ""q1"": 25.567302149982424, ""q3"": 27.734110550009063, ""p90"": 28.26934125999105, ""p95"": 28.95251088999503, ""modas"": [23.050598700006958, 23.12550230001216, 23.427871799998684, 23.84420520000276, 23.981985699996585, 24.056629200000316, 25.058959399990272, 26.075644899974577, 26.211634000006597, 26.282108699990204, 26.293396599998232, 26.343847399984952, 26.721340199990664, 26.75845650001429, 26.90487800000119, 27.05199440001161, 27.128686200012453, 27.30262540001422, 27.683156299986877, 27.725138300011167, 27.74308280000696, 27.809326499991585, 27.93383750002249, 28.062389099999564, 28.579769499978283, 29.112257200002205, 30.59728489999543], ""ocorrencias_moda"": 1, ""iqr"": 2.166808400026639}",50529,"[17.0, 19.0]","{""14"": {""sucessos"": 0, ""total"": 27, ""percentual"": 0.0, ""ic95"": [0.0, 12.455502974186704]}, ""15"": {""sucessos"": 0, ""total"": 27, ""percentual"": 0.0, ""ic95"": [0.0, 12.455502974186704]}, ""18"": {""sucessos"": 10, ""total"": 27, ""percentual"": 37.03703703703704, ""ic95"": [21.532512960965605, 55.77076558789762]}, ""22"": {""sucessos"": 18, ""total"": 27, ""percentual"": 66.66666666666667, ""ic95"": [47.82476050732008, 81.35673850128435]}}",40 nós | LB FULL | K5_OR_NAND_XOR_XNOR_NOT,80001
34f48ec08cd2,40,K5_AND_OR_NOR_XOR_NOT,"{""n"": 18, ""min"": 16.0, ""max"": 22.0, ""media"": 18.27777777777778, ""mediana"": 18.0, ""desvio_padrao"": 1.564516672426553, ""q1"": 17.0, ""q3"": 19.0, ""p90"": 20.0, ""p95"": 20.299999999999997, ""modas"": [18.0], ""ocorrencias_moda"": 5, ""iqr"": 2.0}",FULL,4,7,20000,4,SINGLE_ATIVO_DIRETO,False,True,False,70,and | or | nor | xor | not,27,18,66.66666666666667,"[47.82476050732008, 81.35673850128435]","[20, 21, 22, 23, 24, 25, 26, 27, 28, 29, 30, 31, 32, 33, 34, 35, 36, 37, 38, 39, 40, 41, 42, 43, 44, 45, 46]","{""n"": 27, ""min"": 97.14285714285714, ""max"": 100.0, ""media"": 99.41798941798942, ""mediana"": 100.0, ""desvio_padrao"": 0.9086415118505047, ""q1"": 98.57142857142857, ""q3"": 100.0, ""p90"": 100.0, ""p95"": 100.0, ""modas"": [100.0], ""ocorrencias_moda"": 18, ""iqr"": 1.4285714285714306}","{""n"": 18, ""min"": 5.0, ""max"": 8.0, ""media"": 6.611111111111111, ""mediana"": 6.5, ""desvio_padrao"": 0.9785276387866012, ""q1"": 6.0, ""q3"": 7.0, ""p90"": 8.0, ""p95"": 8.0, ""modas"": [6.0], ""ocorrencias_moda"": 7, ""iqr"": 1.0}","{""n"": 27, ""min"": 22.112404699990293, ""max"": 29.240684899996268, ""media"": 26.311608655561468, ""mediana"": 26.89958010002738, ""desvio_padrao"": 1.8578263127048298, ""q1"": 25.4392655499978, ""q3"": 27.409621200014954, ""p90"": 28.16983950000722, ""p95"": 28.85270352002117, ""modas"": [22.112404699990293, 22.581028999993578, 22.75541690000682, 23.871109800005797, 24.75580190002802, 25.34813880000729, 25.401935700007016, 25.476595399988582, 25.522602500015637, 25.78757330001099, 26.099357600003714, 26.51626230002148, 26.748374700022396, 26.89958010002738, 26.990246000001207, 27.071965799987083, 27.086445499997353, 27.09545349999098, 27.223984499985818, 27.319616000022506, 27.4996264000074, 27.572360999998637, 27.974930700002005, 28.00812670000596, 28.41240870000911, 29.041401300026337, 29.240684899996268], ""ocorrencias_moda"": 1, ""iqr"": 1.9703556500171544}",31157.0,"[17.0, 19.0]","{""14"": {""sucessos"": 0, ""total"": 27, ""percentual"": 0.0, ""ic95"": [0.0, 12.455502974186704]}, ""15"": {""sucessos"": 0, ""total"": 27, ""percentual"": 0.0, ""ic95"": [0.0, 12.455502974186704]}, ""18"": {""sucessos"": 11, ""total"": 27, ""percentual"": 40.74074074074074, ""ic95"": [24.514757074395565, 59.27329903193531]}, ""22"": {""sucessos"": 18, ""total"": 27, ""percentual"": 66.66666666666667, ""ic95"": [47.82476050732008, 81.35673850128435]}}",40 nós | LB FULL | K5_AND_OR_NOR_XOR_NOT,80001
52f7f70a5c37,40,K4_AND_OR_XOR_NOT,"{""n"": 18, ""min"": 16.0, ""max"": 23.0, ""media"": 18.77777777777778, ""mediana"": 18.0, ""desvio_padrao"": 2.157219221878442, ""q1"": 17.25, ""q3"": 20.0, ""p90"": 22.0, ""p95"": 22.15, ""modas"": [18.0], ""ocorrencias_moda"": 5, ""iqr"": 2.75}",FULL,4,7,20000,4,SINGLE_ATIVO_DIRETO,False,True,False,70,and | or | xor | not,27,18,66.66666666666667,"[47.82476050732008, 81.35673850128435]","[20, 21, 22, 23, 24, 25, 26, 27, 28, 29, 30, 31, 32, 33, 34, 35, 36, 37, 38, 39, 40, 41, 42, 43, 44, 45, 46]","{""n"": 27, ""min"": 97.14285714285714, ""max"": 100.0, ""media"": 99.47089947089947, ""mediana"": 100.0, ""desvio_padrao"": 0.8069700435584044, ""q1"": 98.57142857142857, ""q3"": 100.0, ""p90"": 100.0, ""p95"": 100.0, ""modas"": [100.0], ""ocorrencias_moda"": 18, ""iqr"": 1.4285714285714306}","{""n"": 18, ""min"": 5.0, ""max"": 10.0, ""media"": 6.888888888888889, ""mediana"": 6.5, ""desvio_padrao"": 1.4095843729891318, ""q1"": 6.0, ""q3"": 7.0, ""p90"": 9.3, ""p95"": 10.0, ""modas"": [6.0], ""ocorrencias_moda"": 8, ""iqr"": 1.0}","{""n"": 27, ""min"": 20.943897700024536, ""max"": 26.062025000021094, ""media"": 23.81588417777891, ""mediana"": 24.159522399975685, ""desvio_padrao"": 1.3127361204741552, ""q1"": 22.88181624999561, ""q3"": 24.93033455000841, ""p90"": 25.293104159994982, ""p95"": 25.806351839989656, ""modas"": [20.943897700024536, 21.830780499993125, 22.24416490001022, 22.344910299987532, 22.446417400002247, 22.52627719999873, 22.53889969998272, 23.224732800008496, 23.231464600015897, 23.26032880001003, 23.273139000026276, 23.446529499982717, 23.46597409999231, 24.159522399975685, 24.23930180000025, 24.249852399982046, 24.252850000018952, 24.262625500006834, 24.323434799996903, 24.855351700010942, 25.00531740000588, 25.05131270000129, 25.185542799998075, 25.234978599997703, 25.3802924999909, 25.988948699989123, 26.062025000021094], ""ocorrencias_moda"": 1, ""iqr"": 2.0485183000128018}",31171.0,"[17.5, 20.0]","{""14"": {""sucessos"": 0, ""total"": 27, ""percentual"": 0.0, ""ic95"": [0.0, 12.455502974186704]}, ""15"": {""sucessos"": 0, ""total"": 27, ""percentual"": 0.0, ""ic95"": [0.0, 12.455502974186704]}, ""18"": {""sucessos"": 10, ""total"": 27, ""percentual"": 37.03703703703704, ""ic95"": [21.532512960965605, 55.77076558789762]}, ""22"": {""sucessos"": 17, ""total"": 27, ""percentual"": 62.96296296296296, ""ic95"": [44.22923441210239, 78.4674870390344]}}",40 nós | LB FULL | K4_AND_OR_XOR_NOT,80001
6af92d6f65bb,40,K4_OR_NOR_XOR_XNOR,"{""n"": 18, ""min"": 16.0, ""max"": 26.0, ""media"": 20.0, ""mediana"": 19.5, ""desvio_padrao"": 2.7224556389190906, ""q1"": 18.0, ""q3"": 21.0, ""p90"": 23.6, ""p95"": 25.15, ""modas"": [18.0, 19.0, 21.0], ""ocorrencias_moda"": 3, ""iqr"": 3.0}",FULL,4,7,20000,4,SINGLE_ATIVO_DIRETO,False,True,False,70,or | nor | xor | xnor,27,18,66.66666666666667,"[47.82476050732008, 81.35673850128435]","[20, 21, 22, 23, 24, 25, 26, 27, 28, 29, 30, 31, 32, 33, 34, 35, 36, 37, 38, 39, 40, 41, 42, 43, 44, 45, 46]","{""n"": 27, ""min"": 97.14285714285714, ""max"": 100.0, ""media"": 99.47089947089947, ""mediana"": 100.0, ""desvio_padrao"": 0.8069700435584044, ""q1"": 98.57142857142857, ""q3"": 100.0, ""p90"": 100.0, ""p95"": 100.0, ""modas"": [100.0], ""ocorrencias_moda"": 18, ""iqr"": 1.4285714285714306}","{""n"": 18, ""min"": 6.0, ""max"": 9.0, ""media"": 7.611111111111111, ""mediana"": 8.0, ""desvio_padrao"": 1.0921586228732252, ""q1"": 7.0, ""q3"": 8.0, ""p90"": 9.0, ""p95"": 9.0, ""modas"": [8.0], ""ocorrencias_moda"": 7, ""iqr"": 1.0}","{""n"": 27, ""min"": 21.976720899983775, ""max"": 26.714088600012474, ""media"": 24.58621957037098, ""mediana"": 24.859892999986187, ""desvio_padrao"": 1.250045299615375, ""q1"": 23.604814550009905, ""q3"": 25.371240799999214, ""p90"": 26.101850679994097, ""p95"": 26.51537689998513, ""modas"": [21.976720899983775, 22.739537999994354, 22.76410780000151, 23.130355500004953, 23.293720599991502, 23.496467799996026, 23.601461000012932, 23.60816810000688, 23.759029599983478, 23.845424700004514, 24.17287710000528, 24.43008390002069, 24.815356700011762, 24.859892999986187, 24.96101160001126, 25.03384210000513, 25.155513000005158, 25.193687499995576, 25.30536260001827, 25.35289979999652, 25.389581800001906, 25.644982099998742, 25.709102799999528, 25.950286799983587, 26.329196500009857, 26.595168499974534, 26.714088600012474], ""ocorrencias_moda"": 1, ""iqr"": 1.7664262499893084}",36475.0,"[18.0, 21.0]","{""14"": {""sucessos"": 0, ""total"": 27, ""percentual"": 0.0, ""ic95"": [0.0, 12.455502974186704]}, ""15"": {""sucessos"": 0, ""total"": 27, ""percentual"": 0.0, ""ic95"": [0.0, 12.455502974186704]}, ""18"": {""sucessos"": 6, ""total"": 27, ""percentual"": 22.22222222222222, ""ic95"": [10.607239452360043, 40.75692886663258]}, ""22"": {""sucessos"": 15, ""total"": 27, ""percentual"": 55.55555555555556, ""ic95"": [37.31302451322448, 72.414141822977]}}",40 nós | LB FULL | K4_OR_NOR_XOR_XNOR,80001
c53ba96c795c,40,K6_AND_OR_NAND_NOR_XOR_NOT,"{""n"": 18, ""min"": 13.0, ""max"": 20.0, ""media"": 17.38888888888889, ""mediana"": 17.5, ""desvio_padrao"": 1.8830166313622745, ""q1"": 16.25, ""q3"": 19.0, ""p90"": 19.3, ""p95"": 20.0, ""modas"": [17.0, 19.0], ""ocorrencias_moda"": 4, ""iqr"": 2.75}",FULL,4,7,20000,4,SINGLE_ATIVO_DIRETO,False,True,False,70,and | or | nand | nor | xor | not,27,18,66.66666666666667,"[47.82476050732008, 81.35673850128435]","[20, 21, 22, 23, 24, 25, 26, 27, 28, 29, 30, 31, 32, 33, 34, 35, 36, 37, 38, 39, 40, 41, 42, 43, 44, 45, 46]","{""n"": 27, ""min"": 97.14285714285714, ""max"": 100.0, ""media"": 99.47089947089947, ""mediana"": 100.0, ""desvio_padrao"": 0.8069700435584044, ""q1"": 98.57142857142857, ""q3"": 100.0, ""p90"": 100.0, ""p95"": 100.0, ""modas"": [100.0], ""ocorrencias_moda"": 18, ""iqr"": 1.4285714285714306}","{""n"": 18, ""min"": 5.0, ""max"": 9.0, ""media"": 6.555555555555555, ""mediana"": 7.0, ""desvio_padrao"": 1.1490262999202832, ""q1"": 6.0, ""q3"": 7.0, ""p90"": 8.0, ""p95"": 8.149999999999999, ""modas"": [7.0], ""ocorrencias_moda"": 7, ""iqr"": 1.0}","{""n"": 27, ""min"": 21.88822640001308, ""max"": 30.108395699993707, ""media"": 26.435529062962072, ""mediana"": 26.73081489998731, ""desvio_padrao"": 1.970586224395135, ""q1"": 25.5937982500036, ""q3"": 27.458591650007293, ""p90"": 28.768105479999214, ""p95"": 29.054787750009563, ""modas"": [21.88822640001308, 23.156906000018353, 23.16421079999418, 23.6846477999934, 23.95277149998583, 25.170791199983796, 25.44645920000039, 25.741137300006812, 25.867508099996485, 26.17873420001706, 26.21448889997555, 26.4342521999788, 26.67454340000404, 26.73081489998731, 26.78286649999791, 27.100031099980697, 27.282540999993216, 27.302285600017058, 27.361566500010667, 27.419731900008628, 27.497451400005957, 27.760892899997998, 28.12986610000371, 28.728216399991652, 28.827939100010553, 29.15200860000914, 30.108395699993707], ""ocorrencias_moda"": 1, ""iqr"": 1.8647934000036912}",37217.0,"[16.5, 19.0]","{""14"": {""sucessos"": 1, ""total"": 27, ""percentual"": 3.7037037037037037, ""ic95"": [0.6568145980785132, 18.283465933575844]}, ""15"": {""sucessos"": 3, ""total"": 27, ""percentual"": 11.11111111111111, ""ic95"": [3.852034828309843, 28.057800818279823]}, ""18"": {""sucessos"": 12, ""total"": 27, ""percentual"": 44.44444444444444, ""ic95"": [27.585858177023002, 62.68697548677551]}, ""22"": {""sucessos"": 18, ""total"": 27, ""percentual"": 66.66666666666667, ""ic95"": [47.82476050732008, 81.35673850128435]}}",40 nós | LB FULL | sem XNOR,80001
ee81226537b9,40,K4_OR_NOR_XOR_NOT,"{""n"": 18, ""min"": 16.0, ""max"": 24.0, ""media"": 19.38888888888889, ""mediana"": 19.0, ""desvio_padrao"": 1.8830166313622745, ""q1"": 18.0, ""q3"": 20.0, ""p90"": 22.0, ""p95"": 22.299999999999997, ""modas"": [19.0], ""ocorrencias_moda"": 6, ""iqr"": 2.0}",FULL,4,7,20000,4,SINGLE_ATIVO_DIRETO,False,True,False,70,or | nor | xor | not,27,18,66.66666666666667,"[47.82476050732008, 81.35673850128435]","[20, 21, 22, 23, 24, 25, 26, 27, 28, 29, 30, 31, 32, 33, 34, 35, 36, 37, 38, 39, 40, 41, 42, 43, 44, 45, 46]","{""n"": 27, ""min"": 97.14285714285714, ""max"": 100.0, ""media"": 99.41798941798942, ""mediana"": 100.0, ""desvio_padrao"": 0.9086415118505047, ""q1"": 98.57142857142857, ""q3"": 100.0, ""p90"": 100.0, ""p95"": 100.0, ""modas"": [100.0], ""ocorrencias_moda"": 18, ""iqr"": 1.4285714285714306}","{""n"": 18, ""min"": 5.0, ""max"": 9.0, ""media"": 6.944444444444445, ""mediana"": 7.0, ""desvio_padrao"": 0.9375953110592339, ""q1"": 6.25, ""q3"": 7.0, ""p90"": 8.0, ""p95"": 8.149999999999999, ""modas"": [7.0], ""ocorrencias_moda"": 9, ""iqr"": 0.75}","{""n"": 27, ""min"": 22.17914279998513, ""max"": 26.181342900003074, ""media"": 23.823764581482262, ""mediana"": 23.676813900005072, ""desvio_padrao"": 1.0941982152211442, ""q1"": 22.985296800005017, ""q3"": 24.54141370000434, ""p90"": 25.069184820016382, ""p95"": 25.752654519997304, ""modas"": [22.17914279998513, 22.26439699999173, 22.396515999978874, 22.471561899990775, 22.758528199978173, 22.906622400012566, 22.960701300005894, 23.00989230000414, 23.144659100013087, 23.175550900021335, 23.237726599996677, 23.30912069999613, 23.543378400005167, 23.676813900005072, 24.196683700021822, 24.23460100000375, 24.259328599990113, 24.294419899990316, 24.346312299981946, 24.4229319000151, 24.65989549999358, 24.682808599987766, 24.75525510002626, 24.99577550002141, 25.179298800008837, 25.99837839999236, 26.181342900003074], ""ocorrencias_moda"": 1, ""iqr"": 1.5561168999993242}",38209.0,"[18.0, 20.0]","{""14"": {""sucessos"": 0, ""total"": 27, ""percentual"": 0.0, ""ic95"": [0.0, 12.455502974186704]}, ""15"": {""sucessos"": 0, ""total"": 27, ""percentual"": 0.0, ""ic95"": [0.0, 12.455502974186704]}, ""18"": {""sucessos"": 6, ""total"": 27, ""percentual"": 22.22222222222222, ""ic95"": [10.607239452360043, 40.75692886663258]}, ""22"": {""sucessos"": 17, ""total"": 27, ""percentual"": 62.96296296296296, ""ic95"": [44.22923441210239, 78.4674870390344]}}",40 nós | LB FULL | K4_OR_NOR_XOR_NOT,80001
e4c93c7317eb,40,K6_AND_NAND_NOR_XOR_XNOR_NOT,"{""n"": 17, ""min"": 14.0, ""max"": 23.0, ""media"": 19.176470588235293, ""mediana"": 19.0, ""desvio_padrao"": 2.007339474206065, ""q1"": 18.0, ""q3"": 20.0, ""p90"": 21.0, ""p95"": 21.4, ""modas"": [18.0, 20.0], ""ocorrencias_moda"": 4, ""iqr"": 2.0}",FULL,4,7,20000,4,SINGLE_ATIVO_DIRETO,False,True,False,70,and | nand | nor | xor | xnor | not,27,17,62.96296296296296,"[44.22923441210239, 78.4674870390344]","[20, 21, 22, 23, 24, 25, 26, 27, 28, 29, 30, 31, 32, 33, 34, 35, 36, 37, 38, 39, 40, 41, 42, 43, 44, 45, 46]","{""n"": 27, ""min"": 97.14285714285714, ""max"": 100.0, ""media"": 99.41798941798942, ""mediana"": 100.0, ""desvio_padrao"": 0.8177062588646272, ""q1"": 98.57142857142857, ""q3"": 100.0, ""p90"": 100.0, ""p95"": 100.0, ""modas"": [100.0], ""ocorrencias_moda"": 17, ""iqr"": 1.4285714285714306}","{""n"": 17, ""min"": 5.0, ""max"": 10.0, ""media"": 7.176470588235294, ""mediana"": 7.0, ""desvio_padrao"": 1.4245742398014511, ""q1"": 6.0, ""q3"": 8.0, ""p90"": 9.0, ""p95"": 9.2, ""modas"": [6.0, 7.0, 8.0], ""ocorrencias_moda"": 4, ""iqr"": 2.0}","{""n"": 27, ""min"": 21.861414099985268, ""max"": 43.63223590000416, ""media"": 26.598051725926645, ""mediana"": 26.451397400000133, ""desvio_padrao"": 3.7352020352056714, ""q1"": 24.948778299993137, ""q3"": 27.007454999999027, ""p90"": 27.510157660016556, ""p95"": 28.122094240010483, ""modas"": [21.861414099985268, 23.047239800012903, 23.551029700000072, 24.107499200006714, 24.183430900011444, 24.67702899998403, 24.91443549998803, 24.983121099998243, 25.999516200012295, 26.027832599997055, 26.29051530000288, 26.33000320001156, 26.43357220001053, 26.451397400000133, 26.6182875999948, 26.627690399996936, 26.779042299982393, 26.86089469998842, 26.877716899994994, 26.9997999999905, 27.015110000007553, 27.082726900000125, 27.397959199995967, 27.462756500026444, 27.581259400001727, 28.353880600014236, 43.63223590000416], ""ocorrencias_moda"": 1, ""iqr"": 2.05867670000589}",37877,"[18.0, 20.0]","{""14"": {""sucessos"": 1, ""total"": 27, ""percentual"": 3.7037037037037037, ""ic95"": [0.6568145980785132, 18.283465933575844]}, ""15"": {""sucessos"": 1, ""total"": 27, ""percentual"": 3.7037037037037037, ""ic95"": [0.6568145980785132, 18.283465933575844]}, ""18"": {""sucessos"": 6, ""total"": 27, ""percentual"": 22.22222222222222, ""ic95"": [10.607239452360043, 40.75692886663258]}, ""22"": {""sucessos"": 16, ""total"": 27, ""percentual"": 59.25925925925926, ""ic95"": [40.72670096806469, 75.48524292560444]}}",40 nós | LB FULL | sem OR,80001
3d49bd8a6ac7,40,K5_AND_NAND_NOR_XNOR_NOT,"{""n"": 16, ""min"": 16.0, ""max"": 23.0, ""media"": 18.9375, ""mediana"": 19.0, ""desvio_padrao"": 1.691892431568863, ""q1"": 18.0, ""q3"": 20.0, ""p90"": 20.5, ""p95"": 21.5, ""modas"": [19.0], ""ocorrencias_moda"": 5, ""iqr"": 2.0}",FULL,4,7,20000,4,SINGLE_ATIVO_DIRETO,False,True,False,70,and | nand | nor | xnor | not,27,16,59.25925925925926,"[40.72670096806469, 75.48524292560444]","[20, 21, 22, 23, 24, 25, 26, 27, 28, 29, 30, 31, 32, 33, 34, 35, 36, 37, 38, 39, 40, 41, 42, 43, 44, 45, 46]","{""n"": 27, ""min"": 98.57142857142857, ""max"": 100.0, ""media"": 99.41798941798942, ""mediana"": 100.0, ""desvio_padrao"": 0.715302491617916, ""q1"": 98.57142857142857, ""q3"": 100.0, ""p90"": 100.0, ""p95"": 100.0, ""modas"": [100.0], ""ocorrencias_moda"": 16, ""iqr"": 1.4285714285714306}","{""n"": 16, ""min"": 5.0, ""max"": 13.0, ""media"": 7.3125, ""mediana"": 7.5, ""desvio_padrao"": 1.9568256607747831, ""q1"": 6.0, ""q3"": 8.0, ""p90"": 8.5, ""p95"": 10.0, ""modas"": [8.0], ""ocorrencias_moda"": 6, ""iqr"": 2.0}","{""n"": 27, ""min"": 22.95449770000414, ""max"": 28.47162200001185, ""media"": 25.702655585184132, ""mediana"": 25.679517300013686, ""desvio_padrao"": 1.6570453248241592, ""q1"": 24.598301549995085, ""q3"": 26.67676905001281, ""p90"": 28.049184080021224, ""p95"": 28.427178850001656, ""modas"": [22.95449770000414, 23.143596800015075, 23.235749099985696, 23.32981359999394, 23.499779499979923, 24.547950499982107, 24.593165500002215, 24.603437599987956, 24.84948639999493, 24.945430899999337, 25.468510599981528, 25.586566699988907, 25.654885600000853, 25.679517300013686, 25.909301599982427, 26.00479939999059, 26.06685619999189, 26.290132399997674, 26.323878299997887, 26.61378310000873, 26.739755000016885, 27.293103100004373, 27.507522400002927, 27.846287200023653, 28.353529400017578, 28.45874289999483, 28.47162200001185], ""ocorrencias_moda"": 1, ""iqr"": 2.078467500017723}",43565.0,"[18.0, 20.0]","{""14"": {""sucessos"": 0, ""total"": 27, ""percentual"": 0.0, ""ic95"": [0.0, 12.455502974186704]}, ""15"": {""sucessos"": 0, ""total"": 27, ""percentual"": 0.0, ""ic95"": [0.0, 12.455502974186704]}, ""18"": {""sucessos"": 6, ""total"": 27, ""percentual"": 22.22222222222222, ""ic95"": [10.607239452360043, 40.75692886663258]}, ""22"": {""sucessos"": 15, ""total"": 27, ""percentual"": 55.55555555555556, ""ic95"": [37.31302451322448, 72.414141822977]}}",40 nós | LB FULL | K5_AND_NAND_NOR_XNOR_NOT,80001
71b55e0f4351,40,K4_AND_OR_NAND_NOR,"{""n"": 16, ""min"": 16.0, ""max"": 21.0, ""media"": 17.9375, ""mediana"": 18.0, ""desvio_padrao"": 1.3889444433333777, ""q1"": 17.0, ""q3"": 19.0, ""p90"": 19.5, ""p95"": 20.25, ""modas"": [17.0], ""ocorrencias_moda"": 5, ""iqr"": 2.0}",FULL,4,7,20000,4,SINGLE_ATIVO_DIRETO,False,True,False,70,and | or | nand | nor,27,16,59.25925925925926,"[40.72670096806469, 75.48524292560444]","[20, 21, 22, 23, 24, 25, 26, 27, 28, 29, 30, 31, 32, 33, 34, 35, 36, 37, 38, 39, 40, 41, 42, 43, 44, 45, 46]","{""n"": 27, ""min"": 97.14285714285714, ""max"": 100.0, ""media"": 99.25925925925925, ""mediana"": 100.0, ""desvio_padrao"": 1.0000290710350819, ""q1"": 98.57142857142857, ""q3"": 100.0, ""p90"": 100.0, ""p95"": 100.0, ""modas"": [100.0], ""ocorrencias_moda"": 16, ""iqr"": 1.4285714285714306}","{""n"": 16, ""min"": 5.0, ""max"": 8.0, ""media"": 6.5, ""mediana"": 6.5, ""desvio_padrao"": 0.7302967433402214, ""q1"": 6.0, ""q3"": 7.0, ""p90"": 7.0, ""p95"": 7.25, ""modas"": [6.0, 7.0], ""ocorrencias_moda"": 7, ""iqr"": 1.0}","{""n"": 27, ""min"": 20.517345800006296, ""max"": 32.063764999998966, ""media"": 27.54881607037236, ""mediana"": 27.773760300013237, ""desvio_padrao"": 2.131727130011477, ""q1"": 27.13065779999306, ""q3"": 28.481604050000897, ""p90"": 29.508971140003997, ""p95"": 29.806922059995124, ""modas"": [20.517345800006296, 23.626363400020637, 25.234533499984536, 25.58295109999017, 26.500085300009232, 26.568506799987517, 27.118284299998777, 27.143031299987342, 27.165921700012404, 27.324513900006423, 27.424399200011976, 27.653656900016358, 27.716516899992712, 27.773760300013237, 27.90452370001003, 27.974078200000804, 28.140302299987525, 28.177982399996836, 28.26300569999148, 28.32007670000894, 28.643131399992853, 28.957252100022743, 29.081389700004365, 29.439662100019632, 29.612934699980542, 29.89005950000137, 32.063764999998966], ""ocorrencias_moda"": 1, ""iqr"": 1.350946250007837}",42229.0,"[17.0, 19.0]","{""14"": {""sucessos"": 0, ""total"": 27, ""percentual"": 0.0, ""ic95"": [0.0, 12.455502974186704]}, ""15"": {""sucessos"": 0, ""total"": 27, ""percentual"": 0.0, ""ic95"": [0.0, 12.455502974186704]}, ""18"": {""sucessos"": 11, ""total"": 27, ""percentual"": 40.74074074074074, ""ic95"": [24.514757074395565, 59.27329903193531]}, ""22"": {""sucessos"": 16, ""total"": 27, ""percentual"": 59.25925925925926, ""ic95"": [40.72670096806469, 75.48524292560444]}}",40 nós | LB FULL | K4_AND_OR_NAND_NOR,80001
75c012286886,40,K6_AND_OR_NOR_XOR_XNOR_NOT,"{""n"": 16, ""min"": 16.0, ""max"": 27.0, ""media"": 19.4375, ""mediana"": 18.5, ""desvio_padrao"": 2.827690459249975, ""q1"": 17.75, ""q3"": 21.0, ""p90"": 22.5, ""p95"": 24.0, ""modas"": [18.0], ""ocorrencias_moda"": 4, ""iqr"": 3.25}",FULL,4,7,20000,4,SINGLE_ATIVO_DIRETO,False,True,False,70,and | or | nor | xor | xnor | not,27,16,59.25925925925926,"[40.72670096806469, 75.48524292560444]","[20, 21, 22, 23, 24, 25, 26, 27, 28, 29, 30, 31, 32, 33, 34, 35, 36, 37, 38, 39, 40, 41, 42, 43, 44, 45, 46]","{""n"": 27, ""min"": 97.14285714285714, ""max"": 100.0, ""media"": 99.31216931216932, ""mediana"": 100.0, ""desvio_padrao"": 0.9181896708435042, ""q1"": 98.57142857142857, ""q3"": 100.0, ""p90"": 100.0, ""p95"": 100.0, ""modas"": [100.0], ""ocorrencias_moda"": 16, ""iqr"": 1.4285714285714306}","{""n"": 16, ""min"": 5.0, ""max"": 11.0, ""media"": 7.875, ""mediana"": 7.5, ""desvio_padrao"": 1.6683325008322931, ""q1"": 7.0, ""q3"": 8.25, ""p90"": 10.5, ""p95"": 11.0, ""modas"": [7.0], ""ocorrencias_moda"": 6, ""iqr"": 1.25}","{""n"": 27, ""min"": 21.682422299985774, ""max"": 31.506016800005455, ""media"": 26.296277970367722, ""mediana"": 26.182845600007568, ""desvio_padrao"": 1.9753534394829715, ""q1"": 25.058042499993462, ""q3"": 27.141030099999625, ""p90"": 28.04969830000191, ""p95"": 29.81553666999389, ""modas"": [21.682422299985774, 24.10318870001356, 24.261954199988395, 24.344152700010454, 24.609257699979935, 24.879909799987217, 24.882329599990044, 25.23375539999688, 25.473051899985876, 25.49134830001276, 25.919272400002228, 25.95358000000124, 26.08355589999701, 26.182845600007568, 26.266075299994554, 26.367682999989484, 26.595694099989487, 26.76903730002232, 26.92487859999528, 26.963438799983123, 27.318621400016127, 27.712847899994813, 27.816006699984428, 27.957715900003677, 28.18767189999926, 30.51319299999159, 31.506016800005455], ""ocorrencias_moda"": 1, ""iqr"": 2.082987600006163}",41995.0,"[18.0, 21.0]","{""14"": {""sucessos"": 0, ""total"": 27, ""percentual"": 0.0, ""ic95"": [0.0, 12.455502974186704]}, ""15"": {""sucessos"": 0, ""total"": 27, ""percentual"": 0.0, ""ic95"": [0.0, 12.455502974186704]}, ""18"": {""sucessos"": 8, ""total"": 27, ""percentual"": 29.62962962962963, ""ic95"": [15.853040469779772, 48.48068296414815]}, ""22"": {""sucessos"": 14, ""total"": 27, ""percentual"": 51.851851851851855, ""ic95"": [33.98561575495229, 69.25677302378152]}}",40 nós | LB FULL | sem NAND,80001
907622d15c38,40,K4_OR_NAND_XNOR_NOT,"{""n"": 16, ""min"": 16.0, ""max"": 23.0, ""media"": 19.25, ""mediana"": 19.0, ""desvio_padrao"": 2.1134489978863145, ""q1"": 17.75, ""q3"": 20.25, ""p90"": 22.0, ""p95"": 22.25, ""modas"": [19.0], ""ocorrencias_moda"": 4, ""iqr"": 2.5}",FULL,4,7,20000,4,SINGLE_ATIVO_DIRETO,False,True,False,70,or | nand | xnor | not,27,16,59.25925925925926,"[40.72670096806469, 75.48524292560444]","[20, 21, 22, 23, 24, 25, 26, 27, 28, 29, 30, 31, 32, 33, 34, 35, 36, 37, 38, 39, 40, 41, 42, 43, 44, 45, 46]","{""n"": 27, ""min"": 95.71428571428571, ""max"": 100.0, ""media"": 99.25925925925925, ""mediana"": 100.0, ""desvio_padrao"": 1.075659804114142, ""q1"": 98.57142857142857, ""q3"": 100.0, ""p90"": 100.0, ""p95"": 100.0, ""modas"": [100.0], ""ocorrencias_moda"": 16, ""iqr"": 1.4285714285714306}","{""n"": 16, ""min"": 5.0, ""max"": 8.0, ""media"": 6.375, ""mediana"": 6.5, ""desvio_padrao"": 0.8850612031567836, ""q1"": 6.0, ""q3"": 7.0, ""p90"": 7.0, ""p95"": 7.25, ""modas"": [7.0], ""ocorrencias_moda"": 7, ""iqr"": 1.0}","{""n"": 27, ""min"": 21.64471749999211, ""max"": 27.048228200001176, ""media"": 24.541289059258784, ""mediana"": 25.105857599992305, ""desvio_padrao"": 1.456964997310407, ""q1"": 23.428440550007508, ""q3"": 25.43268865000573, ""p90"": 26.1024044000078, ""p95"": 26.50743466000131, ""modas"": [21.64471749999211, 22.059642899985192, 22.345206800004235, 22.375045799999498, 22.858855099999346, 23.076488299993798, 23.37721320000128, 23.479667900013737, 23.900437500007683, 24.287430800002767, 24.413502599985804, 24.41526119998889, 25.03079659998184, 25.105857599992305, 25.124243700003717, 25.13674709998304, 25.142423799989047, 25.142833699996118, 25.22053620000952, 25.311937000020407, 25.553440299991053, 25.70454370000516, 25.984137300023576, 26.030878000019584, 26.209693999990122, 26.635037800006103, 27.048228200001176], ""ocorrencias_moda"": 1, ""iqr"": 2.0042480999982217}",44733.0,"[18.0, 20.0]","{""14"": {""sucessos"": 0, ""total"": 27, ""percentual"": 0.0, ""ic95"": [0.0, 12.455502974186704]}, ""15"": {""sucessos"": 0, ""total"": 27, ""percentual"": 0.0, ""ic95"": [0.0, 12.455502974186704]}, ""18"": {""sucessos"": 5, ""total"": 27, ""percentual"": 18.51851851851852, ""ic95"": [8.180707142976532, 36.698683618548436]}, ""22"": {""sucessos"": 15, ""total"": 27, ""percentual"": 55.55555555555556, ""ic95"": [37.31302451322448, 72.414141822977]}}",40 nós | LB FULL | K4_OR_NAND_XNOR_NOT,80001
7df051126e95,40,K5_AND_OR_NAND_NOR_NOT,"{""n"": 15, ""min"": 16.0, ""max"": 22.0, ""media"": 18.8, ""mediana"": 18.0, ""desvio_padrao"": 1.6987390281365427, ""q1"": 18.0, ""q3"": 20.0, ""p90"": 21.0, ""p95"": 21.299999999999997, ""modas"": [18.0], ""ocorrencias_moda"": 5, ""iqr"": 2.0}",FULL,4,7,20000,4,SINGLE_ATIVO_DIRETO,False,True,False,70,and | or | nand | nor | not,27,15,55.55555555555556,"[37.31302451322448, 72.414141822977]","[20, 21, 22, 23, 24, 25, 26, 27, 28, 29, 30, 31, 32, 33, 34, 35, 36, 37, 38, 39, 40, 41, 42, 43, 44, 45, 46]","{""n"": 27, ""min"": 95.71428571428571, ""max"": 100.0, ""media"": 99.2063492063492, ""mediana"": 100.0, ""desvio_padrao"": 1.072953737426874, ""q1"": 98.57142857142857, ""q3"": 100.0, ""p90"": 100.0, ""p95"": 100.0, ""modas"": [100.0], ""ocorrencias_moda"": 15, ""iqr"": 1.4285714285714306}","{""n"": 15, ""min"": 5.0, ""max"": 9.0, ""media"": 6.8, ""mediana"": 7.0, ""desvio_padrao"": 1.082325538564332, ""q1"": 6.0, ""q3"": 7.5, ""p90"": 8.0, ""p95"": 8.299999999999999, ""modas"": [6.0], ""ocorrencias_moda"": 6, ""iqr"": 1.5}","{""n"": 27, ""min"": 22.931550300010713, ""max"": 28.09922419997747, ""media"": 25.491752074075286, ""mediana"": 25.55751529999543, ""desvio_padrao"": 1.2671509649185246, ""q1"": 24.55585734998749, ""q3"": 26.3267625500157, ""p90"": 26.814739060000285, ""p95"": 27.089077320019715, ""modas"": [22.931550300010713, 23.4855966999894, 23.692007000005106, 24.013614399998914, 24.062169600016205, 24.093007599993143, 24.501941699971212, 24.60977300000377, 24.613692499988247, 25.052519000018947, 25.40892819999135, 25.445004600012908, 25.52638150000712, 25.55751529999543, 25.95494470000267, 26.0391840999946, 26.106504099996528, 26.11366740000085, 26.256241300026886, 26.29835210001329, 26.355173000018112, 26.568346599990036, 26.675415799982147, 26.677695299993502, 27.020304700010456, 27.118551300023682, 28.09922419997747], ""ocorrencias_moda"": 1, ""iqr"": 1.77090520002821}",48173,"[18.0, 20.0]","{""14"": {""sucessos"": 0, ""total"": 27, ""percentual"": 0.0, ""ic95"": [0.0, 12.455502974186704]}, ""15"": {""sucessos"": 0, ""total"": 27, ""percentual"": 0.0, ""ic95"": [0.0, 12.455502974186704]}, ""18"": {""sucessos"": 8, ""total"": 27, ""percentual"": 29.62962962962963, ""ic95"": [15.853040469779772, 48.48068296414815]}, ""22"": {""sucessos"": 15, ""total"": 27, ""percentual"": 55.55555555555556, ""ic95"": [37.31302451322448, 72.414141822977]}}",40 nós | LB FULL | K5_AND_OR_NAND_NOR_NOT,80001
0294b2875b4c,40,K4_OR_NOR_XNOR_NOT,"{""n"": 14, ""min"": 17.0, ""max"": 24.0, ""media"": 19.214285714285715, ""mediana"": 19.0, ""desvio_padrao"": 2.1547290184283368, ""q1"": 17.25, ""q3"": 20.75, ""p90"": 21.700000000000003, ""p95"": 22.7, ""modas"": [17.0], ""ocorrencias_moda"": 4, ""iqr"": 3.5}",FULL,4,7,20000,4,SINGLE_ATIVO_DIRETO,False,True,False,70,or | nor | xnor | not,27,14,51.851851851851855,"[33.98561575495229, 69.25677302378152]","[20, 21, 22, 23, 24, 25, 26, 27, 28, 29, 30, 31, 32, 33, 34, 35, 36, 37, 38, 39, 40, 41, 42, 43, 44, 45, 46]","{""n"": 27, ""min"": 97.14285714285714, ""max"": 100.0, ""media"": 99.15343915343915, ""mediana"": 100.0, ""desvio_padrao"": 0.9912695235553027, ""q1"": 98.57142857142857, ""q3"": 100.0, ""p90"": 100.0, ""p95"": 100.0, ""modas"": [100.0], ""ocorrencias_moda"": 14, ""iqr"": 1.4285714285714306}","{""n"": 14, ""min"": 5.0, ""max"": 9.0, ""media"": 6.785714285714286, ""mediana"": 7.0, ""desvio_padrao"": 1.2513728724621076, ""q1"": 6.0, ""q3"": 7.0, ""p90"": 8.700000000000001, ""p95"": 9.0, ""modas"": [7.0], ""ocorrencias_moda"": 5, ""iqr"": 1.0}","{""n"": 27, ""min"": 21.593974799994612, ""max"": 26.920012899994617, ""media"": 24.111636262962648, ""mediana"": 24.020274399983464, ""desvio_padrao"": 1.2811153349708024, ""q1"": 23.334536449998268, ""q3"": 25.136748850010918, ""p90"": 25.4349958399951, ""p95"": 25.770729990012477, ""modas"": [21.593974799994612, 21.932901899999706, 22.27167100002407, 22.699370599992108, 22.748507400014205, 23.127525899995817, 23.220315399987157, 23.44875750000938, 23.497452899988275, 23.60544949999894, 23.641374200000428, 23.780355700000655, 23.79194809999899, 24.020274399983464, 24.29465799999889, 24.465286799997557, 24.617531299998518, 24.737201699987054, 24.943762700015213, 25.109224500018172, 25.164273200003663, 25.20842039998388, 25.39059379999526, 25.426083199999994, 25.448364799987758, 25.908886500023073, 26.920012899994617], ""ocorrencias_moda"": 1, ""iqr"": 1.8022124000126496}",27009.0,"[17.5, 21.0]","{""14"": {""sucessos"": 0, ""total"": 27, ""percentual"": 0.0, ""ic95"": [0.0, 12.455502974186704]}, ""15"": {""sucessos"": 0, ""total"": 27, ""percentual"": 0.0, ""ic95"": [0.0, 12.455502974186704]}, ""18"": {""sucessos"": 6, ""total"": 27, ""percentual"": 22.22222222222222, ""ic95"": [10.607239452360043, 40.75692886663258]}, ""22"": {""sucessos"": 13, ""total"": 27, ""percentual"": 48.148148148148145, ""ic95"": [30.743226976218473, 66.01438424504771]}}",40 nós | LB FULL | K4_OR_NOR_XNOR_NOT,80001
5779fbc36f66,40,K4_OR_NAND_XOR_NOT,"{""n"": 14, ""min"": 15.0, ""max"": 22.0, ""media"": 18.071428571428573, ""mediana"": 17.5, ""desvio_padrao"": 1.9792883614022534, ""q1"": 17.0, ""q3"": 19.75, ""p90"": 20.0, ""p95"": 20.7, ""modas"": [17.0], ""ocorrencias_moda"": 4, ""iqr"": 2.75}",FULL,4,7,20000,4,SINGLE_ATIVO_DIRETO,False,True,False,70,or | nand | xor | not,27,14,51.851851851851855,"[33.98561575495229, 69.25677302378152]","[20, 21, 22, 23, 24, 25, 26, 27, 28, 29, 30, 31, 32, 33, 34, 35, 36, 37, 38, 39, 40, 41, 42, 43, 44, 45, 46]","{""n"": 27, ""min"": 97.14285714285714, ""max"": 100.0, ""media"": 99.2063492063492, ""mediana"": 100.0, ""desvio_padrao"": 0.9150180217433563, ""q1"": 98.57142857142857, ""q3"": 100.0, ""p90"": 100.0, ""p95"": 100.0, ""modas"": [100.0], ""ocorrencias_moda"": 14, ""iqr"": 1.4285714285714306}","{""n"": 14, ""min"": 5.0, ""max"": 10.0, ""media"": 7.0, ""mediana"": 7.0, ""desvio_padrao"": 1.3587324409735149, ""q1"": 6.0, ""q3"": 7.75, ""p90"": 8.700000000000001, ""p95"": 9.35, ""modas"": [6.0], ""ocorrencias_moda"": 5, ""iqr"": 1.75}","{""n"": 27, ""min"": 22.074863600020763, ""max"": 26.914609300001757, ""media"": 24.231304485181614, ""mediana"": 24.60329020000063, ""desvio_padrao"": 1.4804287848476736, ""q1"": 22.786696100010886, ""q3"": 25.421092350006802, ""p90"": 25.889368399989326, ""p95"": 26.515039299981435, ""modas"": [22.074863600020763, 22.119980699993903, 22.18330989999231, 22.23503250000067, 22.537694700004067, 22.610046899993904, 22.764463900006376, 22.808928300015396, 23.001300500007346, 23.58123589999741, 23.830210399988573, 23.944930400000885, 24.16360749999876, 24.60329020000063, 24.720407199987676, 24.756517399975564, 24.866860199981602, 24.92673529998865, 25.049250399984885, 25.350015000003623, 25.49216970000998, 25.534901099978015, 25.61653950001346, 25.86416719999397, 25.927170199982356, 26.76698319998104, 26.914609300001757], ""ocorrencias_moda"": 1, ""iqr"": 2.634396249995916}",30939.0,"[17.0, 19.5]","{""14"": {""sucessos"": 0, ""total"": 27, ""percentual"": 0.0, ""ic95"": [0.0, 12.455502974186704]}, ""15"": {""sucessos"": 1, ""total"": 27, ""percentual"": 3.7037037037037037, ""ic95"": [0.6568145980785132, 18.283465933575844]}, ""18"": {""sucessos"": 8, ""total"": 27, ""percentual"": 29.62962962962963, ""ic95"": [15.853040469779772, 48.48068296414815]}, ""22"": {""sucessos"": 14, ""total"": 27, ""percentual"": 51.851851851851855, ""ic95"": [33.98561575495229, 69.25677302378152]}}",40 nós | LB FULL | K4_OR_NAND_XOR_NOT,80001
d995d7d6990f,40,K4_AND_OR_XNOR_NOT,"{""n"": 14, ""min"": 16.0, ""max"": 25.0, ""media"": 19.928571428571427, ""mediana"": 20.5, ""desvio_padrao"": 2.6736401493753132, ""q1"": 17.25, ""q3"": 21.75, ""p90"": 22.700000000000003, ""p95"": 23.7, ""modas"": [17.0, 21.0], ""ocorrencias_moda"": 3, ""iqr"": 4.5}",FULL,4,7,20000,4,SINGLE_ATIVO_DIRETO,False,True,False,70,and | or | xnor | not,27,14,51.851851851851855,"[33.98561575495229, 69.25677302378152]","[20, 21, 22, 23, 24, 25, 26, 27, 28, 29, 30, 31, 32, 33, 34, 35, 36, 37, 38, 39, 40, 41, 42, 43, 44, 45, 46]","{""n"": 27, ""min"": 97.14285714285714, ""max"": 100.0, ""media"": 99.2063492063492, ""mediana"": 100.0, ""desvio_padrao"": 0.9150180217433563, ""q1"": 98.57142857142857, ""q3"": 100.0, ""p90"": 100.0, ""p95"": 100.0, ""modas"": [100.0], ""ocorrencias_moda"": 14, ""iqr"": 1.4285714285714306}","{""n"": 14, ""min"": 6.0, ""max"": 10.0, ""media"": 7.857142857142857, ""mediana"": 8.0, ""desvio_padrao"": 1.2314558524297639, ""q1"": 7.0, ""q3"": 9.0, ""p90"": 9.0, ""p95"": 9.35, ""modas"": [7.0, 9.0], ""ocorrencias_moda"": 4, ""iqr"": 2.0}","{""n"": 27, ""min"": 22.378611499996623, ""max"": 26.73072689998662, ""media"": 24.784088455553434, ""mediana"": 25.16588689998025, ""desvio_padrao"": 1.1128537685156465, ""q1"": 23.92924865000532, ""q3"": 25.648359950006125, ""p90"": 25.877094039990332, ""p95"": 26.126941520004767, ""modas"": [22.378611499996623, 22.919633700017584, 23.25106819998473, 23.27723489998607, 23.58036190000712, 23.73400159997982, 23.799442899995483, 24.059054400015157, 24.275235999986762, 24.390461699978914, 24.479711699998006, 24.518519000004744, 25.01921530000982, 25.16588689998025, 25.180536699976074, 25.237472200009506, 25.25126230000751, 25.47728520000237, 25.58498499999405, 25.633922900015023, 25.662796999997227, 25.75977220002096, 25.81550040000002, 25.87345899999491, 25.88254659998347, 26.231682200013893, 26.73072689998662], ""ocorrencias_moda"": 1, ""iqr"": 1.7191113000008045}",41305.0,"[17.0, 21.5]","{""14"": {""sucessos"": 0, ""total"": 27, ""percentual"": 0.0, ""ic95"": [0.0, 12.455502974186704]}, ""15"": {""sucessos"": 0, ""total"": 27, ""percentual"": 0.0, ""ic95"": [0.0, 12.455502974186704]}, ""18"": {""sucessos"": 5, ""total"": 27, ""percentual"": 18.51851851851852, ""ic95"": [8.180707142976532, 36.698683618548436]}, ""22"": {""sucessos"": 12, ""total"": 27, ""percentual"": 44.44444444444444, ""ic95"": [27.585858177023002, 62.68697548677551]}}",40 nós | LB FULL | K4_AND_OR_XNOR_NOT,80001
ec6880f7cb24,40,K5_NAND_NOR_XOR_XNOR_NOT,"{""n"": 14, ""min"": 17.0, ""max"": 24.0, ""media"": 19.285714285714285, ""mediana"": 19.0, ""desvio_padrao"": 2.0164161440372537, ""q1"": 18.0, ""q3"": 20.0, ""p90"": 21.700000000000003, ""p95"": 22.7, ""modas"": [19.0], ""ocorrencias_moda"": 4, ""iqr"": 2.0}",FULL,4,7,20000,4,SINGLE_ATIVO_DIRETO,False,True,False,70,nand | nor | xor | xnor | not,27,14,51.851851851851855,"[33.98561575495229, 69.25677302378152]","[20, 21, 22, 23, 24, 25, 26, 27, 28, 29, 30, 31, 32, 33, 34, 35, 36, 37, 38, 39, 40, 41, 42, 43, 44, 45, 46]","{""n"": 27, ""min"": 97.14285714285714, ""max"": 100.0, ""media"": 99.25925925925925, ""mediana"": 100.0, ""desvio_padrao"": 0.8283033263075289, ""q1"": 98.57142857142857, ""q3"": 100.0, ""p90"": 100.0, ""p95"": 100.0, ""modas"": [100.0], ""ocorrencias_moda"": 14, ""iqr"": 1.4285714285714306}","{""n"": 14, ""min"": 5.0, ""max"": 11.0, ""media"": 8.0, ""mediana"": 8.0, ""desvio_padrao"": 1.7974340685458343, ""q1"": 7.0, ""q3"": 8.75, ""p90"": 10.700000000000001, ""p95"": 11.0, ""modas"": [8.0], ""ocorrencias_moda"": 5, ""iqr"": 1.75}","{""n"": 27, ""min"": 23.19260330000543, ""max"": 29.254745099984575, ""media"": 26.270951770373223, ""mediana"": 25.94623520001187, ""desvio_padrao"": 1.835752269600692, ""q1"": 24.665747700011707, ""q3"": 27.58358840001165, ""p90"": 28.859251660009615, ""p95"": 29.09741592000355, ""modas"": [23.19260330000543, 23.436442400008673, 23.760743199993158, 24.40108229999896, 24.40956259999075, 24.412399200024083, 24.447059800004354, 24.88443560001906, 25.14977230000659, 25.661622099985834, 25.705191200016998, 25.840258399985032, 25.88952369999606, 25.94623520001187, 26.16061439999612, 26.499021199997514, 26.723918300005607, 27.389036000007764, 27.51295769997523, 27.541499200015096, 27.625677600008203, 27.867179500026396, 28.700330199993914, 28.75983530000667, 29.008376200014027, 29.13557579999906, 29.254745099984575], ""ocorrencias_moda"": 1, ""iqr"": 2.9178406999999424}",45413.0,"[18.0, 20.0]","{""14"": {""sucessos"": 0, ""total"": 27, ""percentual"": 0.0, ""ic95"": [0.0, 12.455502974186704]}, ""15"": {""sucessos"": 0, ""total"": 27, ""percentual"": 0.0, ""ic95"": [0.0, 12.455502974186704]}, ""18"": {""sucessos"": 5, ""total"": 27, ""percentual"": 18.51851851851852, ""ic95"": [8.180707142976532, 36.698683618548436]}, ""22"": {""sucessos"": 13, ""total"": 27, ""percentual"": 48.148148148148145, ""ic95"": [30.743226976218473, 66.01438424504771]}}",40 nós | LB FULL | K5_NAND_NOR_XOR_XNOR_NOT,80001
1c0d4792fe80,40,K4_AND_OR_NOR_NOT,"{""n"": 13, ""min"": 16.0, ""max"": 25.0, ""media"": 19.23076923076923, ""mediana"": 19.0, ""desvio_padrao"": 2.554533426213293, ""q1"": 18.0, ""q3"": 21.0, ""p90"": 21.8, ""p95"": 23.199999999999996, ""modas"": [18.0], ""ocorrencias_moda"": 3, ""iqr"": 3.0}",FULL,4,7,20000,4,SINGLE_ATIVO_DIRETO,False,True,False,70,and | or | nor | not,27,13,48.148148148148145,"[30.743226976218473, 66.01438424504771]","[20, 21, 22, 23, 24, 25, 26, 27, 28, 29, 30, 31, 32, 33, 34, 35, 36, 37, 38, 39, 40, 41, 42, 43, 44, 45, 46]","{""n"": 27, ""min"": 95.71428571428571, ""max"": 100.0, ""media"": 98.67724867724867, ""mediana"": 98.57142857142857, ""desvio_padrao"": 1.53073821603063, ""q1"": 97.14285714285714, ""q3"": 100.0, ""p90"": 100.0, ""p95"": 100.0, ""modas"": [100.0], ""ocorrencias_moda"": 13, ""iqr"": 2.857142857142861}","{""n"": 13, ""min"": 6.0, ""max"": 10.0, ""media"": 7.384615384615385, ""mediana"": 7.0, ""desvio_padrao"": 1.1929278784054478, ""q1"": 7.0, ""q3"": 8.0, ""p90"": 8.8, ""p95"": 9.399999999999999, ""modas"": [7.0], ""ocorrencias_moda"": 5, ""iqr"": 1.0}","{""n"": 27, ""min"": 21.72111370001221, ""max"": 26.431739499996183, ""media"": 24.207481033333654, ""mediana"": 24.32326049997937, ""desvio_padrao"": 1.4584502032231526, ""q1"": 22.90929359999427, ""q3"": 25.52308094999171, ""p90"": 25.976185619988247, ""p95"": 26.027867849997712, ""modas"": [21.72111370001221, 22.01261350000277, 22.097317700012354, 22.433854300004896, 22.563899700006004, 22.72185349999927, 22.898606200003996, 22.919980999984546, 22.96278380000149, 23.270579600008205, 23.764364000002388, 23.90723149999394, 24.2769448000181, 24.32326049997937, 24.672930200002156, 24.738050800020574, 24.979100900003687, 25.175497799995355, 25.328212899999926, 25.396608499984723, 25.649553399998695, 25.664876599999843, 25.692977099999553, 25.945720099989558, 26.02188389998628, 26.03043240000261, 26.431739499996183], ""ocorrencias_moda"": 1, ""iqr"": 2.6137873499974376}",38845,"[18.0, 21.0]","{""14"": {""sucessos"": 0, ""total"": 27, ""percentual"": 0.0, ""ic95"": [0.0, 12.455502974186704]}, ""15"": {""sucessos"": 0, ""total"": 27, ""percentual"": 0.0, ""ic95"": [0.0, 12.455502974186704]}, ""18"": {""sucessos"": 6, ""total"": 27, ""percentual"": 22.22222222222222, ""ic95"": [10.607239452360043, 40.75692886663258]}, ""22"": {""sucessos"": 12, ""total"": 27, ""percentual"": 44.44444444444444, ""ic95"": [27.585858177023002, 62.68697548677551]}}",40 nós | LB FULL | K4_AND_OR_NOR_NOT,80001
d04a174f2a66,40,K5_AND_NOR_XOR_XNOR_NOT,"{""n"": 13, ""min"": 18.0, ""max"": 28.0, ""media"": 21.615384615384617, ""mediana"": 21.0, ""desvio_padrao"": 2.433737233777904, ""q1"": 20.0, ""q3"": 23.0, ""p90"": 23.0, ""p95"": 24.999999999999993, ""modas"": [20.0], ""ocorrencias_moda"": 4, ""iqr"": 3.0}",FULL,4,7,20000,4,SINGLE_ATIVO_DIRETO,False,True,False,70,and | nor | xor | xnor | not,27,13,48.148148148148145,"[30.743226976218473, 66.01438424504771]","[20, 21, 22, 23, 24, 25, 26, 27, 28, 29, 30, 31, 32, 33, 34, 35, 36, 37, 38, 39, 40, 41, 42, 43, 44, 45, 46]","{""n"": 27, ""min"": 94.28571428571429, ""max"": 100.0, ""media"": 98.78306878306879, ""mediana"": 98.57142857142857, ""desvio_padrao"": 1.5193004103353513, ""q1"": 98.57142857142857, ""q3"": 100.0, ""p90"": 100.0, ""p95"": 100.0, ""modas"": [100.0], ""ocorrencias_moda"": 13, ""iqr"": 1.4285714285714306}","{""n"": 13, ""min"": 6.0, ""max"": 9.0, ""media"": 7.230769230769231, ""mediana"": 7.0, ""desvio_padrao"": 1.0919284281983377, ""q1"": 6.0, ""q3"": 8.0, ""p90"": 8.8, ""p95"": 9.0, ""modas"": [6.0, 7.0], ""ocorrencias_moda"": 4, ""iqr"": 2.0}","{""n"": 27, ""min"": 23.46923250000691, ""max"": 35.56936739999219, ""media"": 27.578515977779816, ""mediana"": 27.41384189997916, ""desvio_padrao"": 2.900233777946772, ""q1"": 26.075410849996842, ""q3"": 27.829656650006655, ""p90"": 31.488585880002944, ""p95"": 33.644384689998695, ""modas"": [23.46923250000691, 24.18122300002142, 24.26503369997954, 24.318336700001964, 24.785660499997903, 25.012032600003295, 26.00742189999437, 26.143399799999315, 26.6893323000113, 26.7404499000113, 26.901826799992705, 27.022842500009574, 27.062791100004688, 27.41384189997916, 27.42571080001653, 27.469535200012615, 27.483185900026, 27.54681959998561, 27.65504859999055, 27.720588500000304, 27.938724800013006, 29.0025142999948, 29.380722600006266, 30.5703138000099, 32.8659939999925, 33.97798070000135, 35.56936739999219], ""ocorrencias_moda"": 1, ""iqr"": 1.7542458000098122}",57509,"[20.0, 23.0]","{""14"": {""sucessos"": 0, ""total"": 27, ""percentual"": 0.0, ""ic95"": [0.0, 12.455502974186704]}, ""15"": {""sucessos"": 0, ""total"": 27, ""percentual"": 0.0, ""ic95"": [0.0, 12.455502974186704]}, ""18"": {""sucessos"": 1, ""total"": 27, ""percentual"": 3.7037037037037037, ""ic95"": [0.6568145980785132, 18.283465933575844]}, ""22"": {""sucessos"": 9, ""total"": 27, ""percentual"": 33.333333333333336, ""ic95"": [18.643261498715653, 52.17523949267993]}}",40 nós | LB FULL | K5_AND_NOR_XOR_XNOR_NOT,80001
7e34e3d76d50,40,K4_AND_NAND_XOR_XNOR,"{""n"": 12, ""min"": 16.0, ""max"": 22.0, ""media"": 19.0, ""mediana"": 19.0, ""desvio_padrao"": 1.651445647689541, ""q1"": 19.0, ""q3"": 20.0, ""p90"": 20.0, ""p95"": 20.9, ""modas"": [19.0], ""ocorrencias_moda"": 6, ""iqr"": 1.0}",FULL,4,7,20000,4,SINGLE_ATIVO_DIRETO,False,True,False,70,and | nand | xor | xnor,27,12,44.44444444444444,"[27.585858177023002, 62.68697548677551]","[20, 21, 22, 23, 24, 25, 26, 27, 28, 29, 30, 31, 32, 33, 34, 35, 36, 37, 38, 39, 40, 41, 42, 43, 44, 45, 46]","{""n"": 27, ""min"": 97.14285714285714, ""max"": 100.0, ""media"": 99.1005291005291, ""mediana"": 98.57142857142857, ""desvio_padrao"": 0.8989919479462756, ""q1"": 98.57142857142857, ""q3"": 100.0, ""p90"": 100.0, ""p95"": 100.0, ""modas"": [98.57142857142857], ""ocorrencias_moda"": 13, ""iqr"": 1.4285714285714306}","{""n"": 12, ""min"": 6.0, ""max"": 8.0, ""media"": 6.833333333333333, ""mediana"": 7.0, ""desvio_padrao"": 0.8348471099367218, ""q1"": 6.0, ""q3"": 7.25, ""p90"": 8.0, ""p95"": 8.0, ""modas"": [6.0], ""ocorrencias_moda"": 5, ""iqr"": 1.25}","{""n"": 27, ""min"": 21.007077900023432, ""max"": 27.40222660001018, ""media"": 24.856474577779107, ""mediana"": 25.092860600008862, ""desvio_padrao"": 1.6382119708148735, ""q1"": 23.815545199991902, ""q3"": 26.258683150008437, ""p90"": 26.45754611999728, ""p95"": 26.820190790004563, ""modas"": [21.007077900023432, 21.47654400000465, 22.38460620000842, 23.332691200019326, 23.364383600011934, 23.431297100003576, 23.69014849999803, 23.940941899985773, 24.396781299990835, 24.41516549998778, 24.49983859999338, 24.705312699981732, 24.7800049999787, 25.092860600008862, 25.244198600004893, 25.427151800016873, 25.545031799993012, 25.60651620000135, 26.17427509999834, 26.189631200017175, 26.3277350999997, 26.39690360001987, 26.40958359997603, 26.409972199995536, 26.52890699999989, 26.945026700006565, 27.40222660001018], ""ocorrencias_moda"": 1, ""iqr"": 2.443137950016535}",44069.0,"[19.0, 20.0]","{""14"": {""sucessos"": 0, ""total"": 27, ""percentual"": 0.0, ""ic95"": [0.0, 12.455502974186704]}, ""15"": {""sucessos"": 0, ""total"": 27, ""percentual"": 0.0, ""ic95"": [0.0, 12.455502974186704]}, ""18"": {""sucessos"": 2, ""total"": 27, ""percentual"": 7.407407407407407, ""ic95"": [2.055465406098865, 23.369592683023143]}, ""22"": {""sucessos"": 12, ""total"": 27, ""percentual"": 44.44444444444444, ""ic95"": [27.585858177023002, 62.68697548677551]}}",40 nós | LB FULL | K4_AND_NAND_XOR_XNOR,80001
a2281e1b5c54,40,K4_AND_OR_NAND_NOT,"{""n"": 12, ""min"": 16.0, ""max"": 23.0, ""media"": 19.083333333333332, ""mediana"": 19.0, ""desvio_padrao"": 1.781640374554423, ""q1"": 18.0, ""q3"": 20.0, ""p90"": 20.9, ""p95"": 21.9, ""modas"": [18.0], ""ocorrencias_moda"": 4, ""iqr"": 2.0}",FULL,4,7,20000,4,SINGLE_ATIVO_DIRETO,False,True,False,70,and | or | nand | not,27,12,44.44444444444444,"[27.585858177023002, 62.68697548677551]","[20, 21, 22, 23, 24, 25, 26, 27, 28, 29, 30, 31, 32, 33, 34, 35, 36, 37, 38, 39, 40, 41, 42, 43, 44, 45, 46]","{""n"": 27, ""min"": 97.14285714285714, ""max"": 100.0, ""media"": 99.04761904761905, ""mediana"": 98.57142857142857, ""desvio_padrao"": 0.9705231721239406, ""q1"": 98.57142857142857, ""q3"": 100.0, ""p90"": 100.0, ""p95"": 100.0, ""modas"": [98.57142857142857, 100.0], ""ocorrencias_moda"": 12, ""iqr"": 1.4285714285714306}","{""n"": 12, ""min"": 6.0, ""max"": 9.0, ""media"": 7.25, ""mediana"": 7.0, ""desvio_padrao"": 0.753778361444409, ""q1"": 7.0, ""q3"": 7.25, ""p90"": 8.0, ""p95"": 8.45, ""modas"": [7.0], ""ocorrencias_moda"": 8, ""iqr"": 0.25}","{""n"": 27, ""min"": 22.37141019999399, ""max"": 28.11481100000674, ""media"": 25.507853622224907, ""mediana"": 25.550417899998138, ""desvio_padrao"": 1.7087087045135632, ""q1"": 24.680091850008466, ""q3"": 26.839590650008176, ""p90"": 27.739801980007908, ""p95"": 27.906675969998467, ""modas"": [22.37141019999399, 22.585169800004223, 22.689314299990656, 23.150552699982654, 23.4442199000041, 23.47699840000132, 24.495563200005563, 24.86462050001137, 24.97482130001299, 25.15117910000845, 25.266647500015097, 25.49226319999434, 25.50807809998514, 25.550417899998138, 25.747269099985715, 25.795286200009286, 25.87264410001808, 26.201842499984195, 26.4249051999941, 26.724322699999902, 26.95485860001645, 27.154558800015366, 27.252315500023542, 27.671066500013694, 27.842905199999223, 27.934006299998146, 28.11481100000674], ""ocorrencias_moda"": 1, ""iqr"": 2.15949879999971}",43087.0,"[18.0, 20.0]","{""14"": {""sucessos"": 0, ""total"": 27, ""percentual"": 0.0, ""ic95"": [0.0, 12.455502974186704]}, ""15"": {""sucessos"": 0, ""total"": 27, ""percentual"": 0.0, ""ic95"": [0.0, 12.455502974186704]}, ""18"": {""sucessos"": 5, ""total"": 27, ""percentual"": 18.51851851851852, ""ic95"": [8.180707142976532, 36.698683618548436]}, ""22"": {""sucessos"": 11, ""total"": 27, ""percentual"": 40.74074074074074, ""ic95"": [24.514757074395565, 59.27329903193531]}}",40 nós | LB FULL | K4_AND_OR_NAND_NOT,80001
eae95dbc594d,40,K4_AND_NAND_XOR_NOT,"{""n"": 11, ""min"": 17.0, ""max"": 26.0, ""media"": 19.727272727272727, ""mediana"": 19.0, ""desvio_padrao"": 2.5334130768948473, ""q1"": 18.0, ""q3"": 20.5, ""p90"": 22.0, ""p95"": 24.0, ""modas"": [18.0, 19.0], ""ocorrencias_moda"": 3, ""iqr"": 2.5}",FULL,4,7,20000,4,SINGLE_ATIVO_DIRETO,False,True,False,70,and | nand | xor | not,27,11,40.74074074074074,"[24.514757074395565, 59.27329903193531]","[20, 21, 22, 23, 24, 25, 26, 27, 28, 29, 30, 31, 32, 33, 34, 35, 36, 37, 38, 39, 40, 41, 42, 43, 44, 45, 46]","{""n"": 27, ""min"": 97.14285714285714, ""max"": 100.0, ""media"": 98.94179894179894, ""mediana"": 98.57142857142857, ""desvio_padrao"": 1.0173219215601088, ""q1"": 98.57142857142857, ""q3"": 100.0, ""p90"": 100.0, ""p95"": 100.0, ""modas"": [98.57142857142857], ""ocorrencias_moda"": 12, ""iqr"": 1.4285714285714306}","{""n"": 11, ""min"": 6.0, ""max"": 11.0, ""media"": 7.2727272727272725, ""mediana"": 7.0, ""desvio_padrao"": 1.4206272622267313, ""q1"": 6.5, ""q3"": 7.5, ""p90"": 8.0, ""p95"": 9.5, ""modas"": [7.0], ""ocorrencias_moda"": 5, ""iqr"": 1.0}","{""n"": 27, ""min"": 21.634965500008548, ""max"": 26.196941800008062, ""media"": 24.237898503701825, ""mediana"": 24.257963399984874, ""desvio_padrao"": 1.3037810921308033, ""q1"": 23.2643456000078, ""q3"": 25.27159204999043, ""p90"": 25.910787479998543, ""p95"": 26.0264428399998, ""modas"": [21.634965500008548, 22.28289480000967, 22.343004099995596, 22.496667300001718, 22.538244700001087, 23.143851200002246, 23.17755940000643, 23.35113180000917, 23.43213079997804, 23.644723400007933, 24.040789800026687, 24.223337800009176, 24.255982799979392, 24.257963399984874, 24.452242700004717, 24.621825999987777, 24.90843139999197, 24.95531699998537, 25.02454809998744, 25.181687500007683, 25.36149659997318, 25.410090499994112, 25.59569439999177, 25.86985439999262, 25.97218710000743, 26.04969529999653, 26.196941800008062], ""ocorrencias_moda"": 1, ""iqr"": 2.007246449982631}",67089,"[18.0, 21.0]","{""14"": {""sucessos"": 0, ""total"": 27, ""percentual"": 0.0, ""ic95"": [0.0, 12.455502974186704]}, ""15"": {""sucessos"": 0, ""total"": 27, ""percentual"": 0.0, ""ic95"": [0.0, 12.455502974186704]}, ""18"": {""sucessos"": 4, ""total"": 27, ""percentual"": 14.814814814814815, ""ic95"": [5.915927776244331, 32.478685427812984]}, ""22"": {""sucessos"": 10, ""total"": 27, ""percentual"": 37.03703703703704, ""ic95"": [21.532512960965605, 55.77076558789762]}}",40 nós | LB FULL | K4_AND_NAND_XOR_NOT,80001
024fdcb607b8,40,K4_AND_NAND_XNOR_NOT,"{""n"": 10, ""min"": 16.0, ""max"": 23.0, ""media"": 19.1, ""mediana"": 18.0, ""desvio_padrao"": 2.4698178070456938, ""q1"": 18.0, ""q3"": 21.0, ""p90"": 22.1, ""p95"": 22.549999999999997, ""modas"": [18.0], ""ocorrencias_moda"": 4, ""iqr"": 3.0}",FULL,4,7,20000,4,SINGLE_ATIVO_DIRETO,False,True,False,70,and | nand | xnor | not,27,10,37.03703703703704,"[21.532512960965605, 55.77076558789762]","[20, 21, 22, 23, 24, 25, 26, 27, 28, 29, 30, 31, 32, 33, 34, 35, 36, 37, 38, 39, 40, 41, 42, 43, 44, 45, 46]","{""n"": 27, ""min"": 97.14285714285714, ""max"": 100.0, ""media"": 98.94179894179894, ""mediana"": 98.57142857142857, ""desvio_padrao"": 0.9369941412918046, ""q1"": 98.57142857142857, ""q3"": 100.0, ""p90"": 100.0, ""p95"": 100.0, ""modas"": [98.57142857142857], ""ocorrencias_moda"": 14, ""iqr"": 1.4285714285714306}","{""n"": 10, ""min"": 5.0, ""max"": 11.0, ""media"": 7.4, ""mediana"": 7.0, ""desvio_padrao"": 1.5776212754932308, ""q1"": 7.0, ""q3"": 8.0, ""p90"": 8.299999999999999, ""p95"": 9.649999999999997, ""modas"": [7.0], ""ocorrencias_moda"": 4, ""iqr"": 1.0}","{""n"": 27, ""min"": 21.825304900004994, ""max"": 27.20615809998708, ""media"": 24.807172225922976, ""mediana"": 25.005552399990847, ""desvio_padrao"": 1.4344732218594034, ""q1"": 23.66906934999861, ""q3"": 25.84304889998748, ""p90"": 26.336720040004003, ""p95"": 26.75664244001382, ""modas"": [21.825304900004994, 22.4798165000102, 22.765568300004816, 22.987961099977838, 23.08082089998061, 23.250476199988043, 23.556134899990866, 23.78200380000635, 23.83380789999501, 24.780495799990604, 24.847074099991005, 24.962444899982074, 24.966673699993407, 25.005552399990847, 25.020295800000895, 25.245899900008226, 25.39555869999458, 25.466162600001553, 25.80604980001226, 25.815845799981616, 25.870251999993343, 25.89853440001025, 26.33477159999893, 26.336277199996402, 26.3373843000154, 26.936324500013143, 27.20615809998708], ""ocorrencias_moda"": 1, ""iqr"": 2.1739795499888714}",47107.0,"[17.0, 21.0]","{""14"": {""sucessos"": 0, ""total"": 27, ""percentual"": 0.0, ""ic95"": [0.0, 12.455502974186704]}, ""15"": {""sucessos"": 0, ""total"": 27, ""percentual"": 0.0, ""ic95"": [0.0, 12.455502974186704]}, ""18"": {""sucessos"": 6, ""total"": 27, ""percentual"": 22.22222222222222, ""ic95"": [10.607239452360043, 40.75692886663258]}, ""22"": {""sucessos"": 9, ""total"": 27, ""percentual"": 33.333333333333336, ""ic95"": [18.643261498715653, 52.17523949267993]}}",40 nós | LB FULL | K4_AND_NAND_XNOR_NOT,80001
f310ca6a2b17,40,K4_AND_NOR_XOR_XNOR,"{""n"": 10, ""min"": 20.0, ""max"": 26.0, ""media"": 22.6, ""mediana"": 22.5, ""desvio_padrao"": 2.1705094128132942, ""q1"": 21.0, ""q3"": 24.5, ""p90"": 25.1, ""p95"": 25.549999999999997, ""modas"": [20.0, 21.0, 23.0, 25.0], ""ocorrencias_moda"": 2, ""iqr"": 3.5}",FULL,4,7,20000,4,SINGLE_ATIVO_DIRETO,False,True,False,70,and | nor | xor | xnor,27,10,37.03703703703704,"[21.532512960965605, 55.77076558789762]","[20, 21, 22, 23, 24, 25, 26, 27, 28, 29, 30, 31, 32, 33, 34, 35, 36, 37, 38, 39, 40, 41, 42, 43, 44, 45, 46]","{""n"": 27, ""min"": 94.28571428571429, ""max"": 100.0, ""media"": 98.73015873015873, ""mediana"": 98.57142857142857, ""desvio_padrao"": 1.3338565169255037, ""q1"": 98.57142857142857, ""q3"": 100.0, ""p90"": 100.0, ""p95"": 100.0, ""modas"": [98.57142857142857], ""ocorrencias_moda"": 12, ""iqr"": 1.4285714285714306}","{""n"": 10, ""min"": 6.0, ""max"": 12.0, ""media"": 7.4, ""mediana"": 7.0, ""desvio_padrao"": 1.8973665961010275, ""q1"": 6.0, ""q3"": 8.0, ""p90"": 8.399999999999999, ""p95"": 10.199999999999996, ""modas"": [6.0], ""ocorrencias_moda"": 5, ""iqr"": 2.0}","{""n"": 27, ""min"": 22.092470499977935, ""max"": 27.109242000005906, ""media"": 25.132597466667736, ""mediana"": 25.418960900016828, ""desvio_padrao"": 1.4469399347507903, ""q1"": 24.365437750006095, ""q3"": 26.330976700002793, ""p90"": 26.73031414000434, ""p95"": 26.80761763000628, ""modas"": [22.092470499977935, 22.503536399977747, 22.87299340000027, 22.935505600005854, 23.317458400008036, 23.477655599999707, 24.131876800005557, 24.598998700006632, 24.659782399976393, 25.065746000007493, 25.1161499999871, 25.181258399999933, 25.324610799987568, 25.418960900016828, 25.52958890001173, 25.662249899993185, 25.6671768000233, 25.893559800024377, 26.113612099987222, 26.327493400021922, 26.334459999983665, 26.367966099991463, 26.57701450001332, 26.72603170000366, 26.736737800005358, 26.837994700006675, 27.109242000005906], ""ocorrencias_moda"": 1, ""iqr"": 1.9655389499966986}",50873.0,"[20.5, 25.0]","{""14"": {""sucessos"": 0, ""total"": 27, ""percentual"": 0.0, ""ic95"": [0.0, 12.455502974186704]}, ""15"": {""sucessos"": 0, ""total"": 27, ""percentual"": 0.0, ""ic95"": [0.0, 12.455502974186704]}, ""18"": {""sucessos"": 0, ""total"": 27, ""percentual"": 0.0, ""ic95"": [0.0, 12.455502974186704]}, ""22"": {""sucessos"": 5, ""total"": 27, ""percentual"": 18.51851851851852, ""ic95"": [8.180707142976532, 36.698683618548436]}}",40 nós | LB FULL | K4_AND_NOR_XOR_XNOR,80001
093ecbbe270a,40,K4_OR_NAND_NOR_NOT,"{""n"": 9, ""min"": 17.0, ""max"": 20.0, ""media"": 18.444444444444443, ""mediana"": 19.0, ""desvio_padrao"": 1.2360330811826106, ""q1"": 17.0, ""q3"": 19.0, ""p90"": 20.0, ""p95"": 20.0, ""modas"": [17.0, 19.0], ""ocorrencias_moda"": 3, ""iqr"": 2.0}",FULL,4,7,20000,4,SINGLE_ATIVO_DIRETO,False,True,False,70,or | nand | nor | not,27,9,33.333333333333336,"[18.643261498715653, 52.17523949267993]","[20, 21, 22, 23, 24, 25, 26, 27, 28, 29, 30, 31, 32, 33, 34, 35, 36, 37, 38, 39, 40, 41, 42, 43, 44, 45, 46]","{""n"": 27, ""min"": 95.71428571428571, ""max"": 100.0, ""media"": 98.51851851851852, ""mediana"": 98.57142857142857, ""desvio_padrao"": 1.3425462278293998, ""q1"": 97.14285714285714, ""q3"": 100.0, ""p90"": 100.0, ""p95"": 100.0, ""modas"": [98.57142857142857], ""ocorrencias_moda"": 10, ""iqr"": 2.857142857142861}","{""n"": 9, ""min"": 5.0, ""max"": 10.0, ""media"": 7.444444444444445, ""mediana"": 7.0, ""desvio_padrao"": 1.509230856356236, ""q1"": 7.0, ""q3"": 8.0, ""p90"": 9.2, ""p95"": 9.6, ""modas"": [7.0], ""ocorrencias_moda"": 3, ""iqr"": 1.0}","{""n"": 27, ""min"": 21.995797699986724, ""max"": 26.756797699985327, ""media"": 24.50205956296176, ""mediana"": 24.59359130001394, ""desvio_padrao"": 1.2106081218324911, ""q1"": 23.656162850005785, ""q3"": 25.541809000002104, ""p90"": 25.766029379994144, ""p95"": 26.130585140013135, ""modas"": [21.995797699986724, 22.60536260000663, 22.65064949999214, 22.92054389999248, 23.173917499982053, 23.244644099992, 23.59151580001344, 23.72080989999813, 24.17335549998097, 24.17514989999472, 24.241337600018596, 24.457888500008266, 24.539970700017875, 24.59359130001394, 24.65156090000528, 24.705508900020504, 24.8512378000014, 25.073272699984955, 25.33921769997687, 25.53959770000074, 25.544020300003467, 25.58743109999341, 25.606373399990844, 25.746243299974594, 25.795708500023466, 26.27410370000871, 26.756797699985327], ""ocorrencias_moda"": 1, ""iqr"": 1.8856461499963189}",68389,"[17.0, 19.0]","{""14"": {""sucessos"": 0, ""total"": 27, ""percentual"": 0.0, ""ic95"": [0.0, 12.455502974186704]}, ""15"": {""sucessos"": 0, ""total"": 27, ""percentual"": 0.0, ""ic95"": [0.0, 12.455502974186704]}, ""18"": {""sucessos"": 4, ""total"": 27, ""percentual"": 14.814814814814815, ""ic95"": [5.915927776244331, 32.478685427812984]}, ""22"": {""sucessos"": 9, ""total"": 27, ""percentual"": 33.333333333333336, ""ic95"": [18.643261498715653, 52.17523949267993]}}",40 nós | LB FULL | K4_OR_NAND_NOR_NOT,80001
7e03c12bb571,40,K4_AND_NAND_NOR_NOT,"{""n"": 9, ""min"": 16.0, ""max"": 21.0, ""media"": 18.666666666666668, ""mediana"": 19.0, ""desvio_padrao"": 1.3228756555322954, ""q1"": 18.0, ""q3"": 19.0, ""p90"": 19.4, ""p95"": 20.2, ""modas"": [19.0], ""ocorrencias_moda"": 5, ""iqr"": 1.0}",FULL,4,7,20000,4,SINGLE_ATIVO_DIRETO,False,True,False,70,and | nand | nor | not,27,9,33.333333333333336,"[18.643261498715653, 52.17523949267993]","[20, 21, 22, 23, 24, 25, 26, 27, 28, 29, 30, 31, 32, 33, 34, 35, 36, 37, 38, 39, 40, 41, 42, 43, 44, 45, 46]","{""n"": 27, ""min"": 97.14285714285714, ""max"": 100.0, ""media"": 98.83597883597884, ""mediana"": 98.57142857142857, ""desvio_padrao"": 0.9735140056301672, ""q1"": 98.57142857142857, ""q3"": 100.0, ""p90"": 100.0, ""p95"": 100.0, ""modas"": [98.57142857142857], ""ocorrencias_moda"": 14, ""iqr"": 1.4285714285714306}","{""n"": 9, ""min"": 5.0, ""max"": 12.0, ""media"": 7.444444444444445, ""mediana"": 7.0, ""desvio_padrao"": 2.0682789409984763, ""q1"": 6.0, ""q3"": 8.0, ""p90"": 9.600000000000001, ""p95"": 10.799999999999999, ""modas"": [7.0], ""ocorrencias_moda"": 3, ""iqr"": 2.0}","{""n"": 27, ""min"": 21.94582319998881, ""max"": 26.316715499997372, ""media"": 24.240896014811437, ""mediana"": 24.6496340999729, ""desvio_padrao"": 1.2408235390571218, ""q1"": 23.41263350000372, ""q3"": 24.970052649994614, ""p90"": 25.672157980006887, ""p95"": 25.890109240007586, ""modas"": [21.94582319998881, 22.012270599982003, 22.176219899993157, 22.44270649997634, 23.12862609999138, 23.158408299990697, 23.335489599994617, 23.489777400012827, 23.532892200018978, 23.652468600019347, 23.748228100012057, 24.233717800001614, 24.443709899991518, 24.6496340999729, 24.69548549997853, 24.732458799990127, 24.787973900005454, 24.857777500001248, 24.922964900004445, 24.93680110000423, 25.003304199984996, 25.429832900001202, 25.543767899973318, 25.667293100006646, 25.67945530000725, 25.980389500007732, 26.316715499997372], ""ocorrencias_moda"": 1, ""iqr"": 1.557419149990892}",45721,"[18.0, 19.0]","{""14"": {""sucessos"": 0, ""total"": 27, ""percentual"": 0.0, ""ic95"": [0.0, 12.455502974186704]}, ""15"": {""sucessos"": 0, ""total"": 27, ""percentual"": 0.0, ""ic95"": [0.0, 12.455502974186704]}, ""18"": {""sucessos"": 3, ""total"": 27, ""percentual"": 11.11111111111111, ""ic95"": [3.852034828309843, 28.057800818279823]}, ""22"": {""sucessos"": 9, ""total"": 27, ""percentual"": 33.333333333333336, ""ic95"": [18.643261498715653, 52.17523949267993]}}",40 nós | LB FULL | K4_AND_NAND_NOR_NOT,80001
ce2607d9df1d,40,K5_AND_NAND_XOR_XNOR_NOT,"{""n"": 9, ""min"": 16.0, ""max"": 26.0, ""media"": 20.333333333333332, ""mediana"": 19.0, ""desvio_padrao"": 3.5, ""q1"": 18.0, ""q3"": 23.0, ""p90"": 25.2, ""p95"": 25.6, ""modas"": [18.0], ""ocorrencias_moda"": 3, ""iqr"": 5.0}",FULL,4,7,20000,4,SINGLE_ATIVO_DIRETO,False,True,False,70,and | nand | xor | xnor | not,27,9,33.333333333333336,"[18.643261498715653, 52.17523949267993]","[20, 21, 22, 23, 24, 25, 26, 27, 28, 29, 30, 31, 32, 33, 34, 35, 36, 37, 38, 39, 40, 41, 42, 43, 44, 45, 46]","{""n"": 27, ""min"": 97.14285714285714, ""max"": 100.0, ""media"": 98.67724867724867, ""mediana"": 98.57142857142857, ""desvio_padrao"": 1.1154633060372419, ""q1"": 97.85714285714286, ""q3"": 100.0, ""p90"": 100.0, ""p95"": 100.0, ""modas"": [98.57142857142857], ""ocorrencias_moda"": 11, ""iqr"": 2.142857142857139}","{""n"": 9, ""min"": 7.0, ""max"": 10.0, ""media"": 8.0, ""mediana"": 7.0, ""desvio_padrao"": 1.3228756555322954, ""q1"": 7.0, ""q3"": 9.0, ""p90"": 10.0, ""p95"": 10.0, ""modas"": [7.0], ""ocorrencias_moda"": 5, ""iqr"": 2.0}","{""n"": 27, ""min"": 22.220416800002567, ""max"": 34.87409029999981, ""media"": 27.473526244444116, ""mediana"": 27.75743689999217, ""desvio_padrao"": 2.480089797995195, ""q1"": 26.19957820000127, ""q3"": 28.45778930000961, ""p90"": 29.675318220007465, ""p95"": 30.41751477001526, ""modas"": [22.220416800002567, 23.467682399990736, 24.061667900008615, 24.306667800003197, 25.0129018999869, 25.75739650000469, 26.00912960001733, 26.390026799985208, 26.96872040000744, 27.320234299986623, 27.47155610000482, 27.59652239998104, 27.66883670000243, 27.75743689999217, 27.96676069998648, 28.129763600009028, 28.135729500005255, 28.16357869998319, 28.22126419999404, 28.390375200018752, 28.525203400000464, 28.534405299986247, 28.755618800001685, 29.626226899999892, 29.748955200018827, 30.70404030001373, 34.87409029999981], ""ocorrencias_moda"": 1, ""iqr"": 2.2582111000083387}",37137,"[18.0, 25.0]","{""14"": {""sucessos"": 0, ""total"": 27, ""percentual"": 0.0, ""ic95"": [0.0, 12.455502974186704]}, ""15"": {""sucessos"": 0, ""total"": 27, ""percentual"": 0.0, ""ic95"": [0.0, 12.455502974186704]}, ""18"": {""sucessos"": 4, ""total"": 27, ""percentual"": 14.814814814814815, ""ic95"": [5.915927776244331, 32.478685427812984]}, ""22"": {""sucessos"": 6, ""total"": 27, ""percentual"": 22.22222222222222, ""ic95"": [10.607239452360043, 40.75692886663258]}}",40 nós | LB FULL | K5_AND_NAND_XOR_XNOR_NOT,80001
d53ff1b03546,40,K4_NAND_XOR_XNOR_NOT,"{""n"": 9, ""min"": 19.0, ""max"": 24.0, ""media"": 21.333333333333332, ""mediana"": 21.0, ""desvio_padrao"": 1.7320508075688772, ""q1"": 20.0, ""q3"": 23.0, ""p90"": 23.2, ""p95"": 23.6, ""modas"": [20.0], ""ocorrencias_moda"": 3, ""iqr"": 3.0}",FULL,4,7,20000,4,SINGLE_ATIVO_DIRETO,False,True,False,70,nand | xor | xnor | not,27,9,33.333333333333336,"[18.643261498715653, 52.17523949267993]","[20, 21, 22, 23, 24, 25, 26, 27, 28, 29, 30, 31, 32, 33, 34, 35, 36, 37, 38, 39, 40, 41, 42, 43, 44, 45, 46]","{""n"": 27, ""min"": 97.14285714285714, ""max"": 100.0, ""media"": 98.73015873015873, ""mediana"": 98.57142857142857, ""desvio_padrao"": 1.072953737426874, ""q1"": 98.57142857142857, ""q3"": 100.0, ""p90"": 100.0, ""p95"": 100.0, ""modas"": [98.57142857142857], ""ocorrencias_moda"": 12, ""iqr"": 1.4285714285714306}","{""n"": 9, ""min"": 7.0, ""max"": 10.0, ""media"": 8.444444444444445, ""mediana"": 9.0, ""desvio_padrao"": 1.2360330811826106, ""q1"": 7.0, ""q3"": 9.0, ""p90"": 10.0, ""p95"": 10.0, ""modas"": [7.0, 9.0], ""ocorrencias_moda"": 3, ""iqr"": 2.0}","{""n"": 27, ""min"": 22.843251099984627, ""max"": 29.621417999995174, ""media"": 25.560594133331, ""mediana"": 26.03067690000171, ""desvio_padrao"": 1.798393649046583, ""q1"": 24.10745135000616, ""q3"": 26.430870349984616, ""p90"": 27.64731937999605, ""p95"": 28.985948589991313, ""modas"": [22.843251099984627, 22.944318699999712, 23.046578799985582, 23.850530299998354, 23.863825899985386, 23.963478299992858, 24.040753000008408, 24.17414970000391, 24.30133480002405, 24.531332199985627, 24.61996199999703, 24.92309190001106, 25.79488090000814, 26.03067690000171, 26.091708399995696, 26.10870199999772, 26.15369340000325, 26.204426800017245, 26.317281399999047, 26.368075199978193, 26.49366549999104, 26.50193109997781, 26.61656250001397, 26.780209899996407, 28.947983599995496, 29.00221929998952, 29.621417999995174], ""ocorrencias_moda"": 1, ""iqr"": 2.3234189999784576}",61145,"[20.0, 23.0]","{""14"": {""sucessos"": 0, ""total"": 27, ""percentual"": 0.0, ""ic95"": [0.0, 12.455502974186704]}, ""15"": {""sucessos"": 0, ""total"": 27, ""percentual"": 0.0, ""ic95"": [0.0, 12.455502974186704]}, ""18"": {""sucessos"": 0, ""total"": 27, ""percentual"": 0.0, ""ic95"": [0.0, 12.455502974186704]}, ""22"": {""sucessos"": 6, ""total"": 27, ""percentual"": 22.22222222222222, ""ic95"": [10.607239452360043, 40.75692886663258]}}",40 nós | LB FULL | K4_NAND_XOR_XNOR_NOT,80001
c306dfef0bca,40,K4_AND_NOR_XOR_NOT,"{""n"": 8, ""min"": 19.0, ""max"": 27.0, ""media"": 22.0, ""mediana"": 21.0, ""desvio_padrao"": 2.563479777846623, ""q1"": 20.75, ""q3"": 23.25, ""p90"": 24.9, ""p95"": 25.95, ""modas"": [21.0], ""ocorrencias_moda"": 3, ""iqr"": 2.5}",FULL,4,7,20000,4,SINGLE_ATIVO_DIRETO,False,True,False,70,and | nor | xor | not,27,8,29.62962962962963,"[15.853040469779772, 48.48068296414815]","[20, 21, 22, 23, 24, 25, 26, 27, 28, 29, 30, 31, 32, 33, 34, 35, 36, 37, 38, 39, 40, 41, 42, 43, 44, 45, 46]","{""n"": 27, ""min"": 95.71428571428571, ""max"": 100.0, ""media"": 98.46560846560847, ""mediana"": 98.57142857142857, ""desvio_padrao"": 1.3682842804775175, ""q1"": 97.85714285714286, ""q3"": 100.0, ""p90"": 100.0, ""p95"": 100.0, ""modas"": [98.57142857142857], ""ocorrencias_moda"": 12, ""iqr"": 2.142857142857139}","{""n"": 8, ""min"": 6.0, ""max"": 8.0, ""media"": 6.875, ""mediana"": 7.0, ""desvio_padrao"": 0.6408699444616558, ""q1"": 6.75, ""q3"": 7.0, ""p90"": 7.3, ""p95"": 7.6499999999999995, ""modas"": [7.0], ""ocorrencias_moda"": 5, ""iqr"": 0.25}","{""n"": 27, ""min"": 21.888492099998984, ""max"": 26.743659800005844, ""media"": 24.493567733334473, ""mediana"": 24.234344099997543, ""desvio_padrao"": 1.2788498335432261, ""q1"": 23.745050600002287, ""q3"": 25.602743700001156, ""p90"": 26.118720820004818, ""p95"": 26.46881983000203, ""modas"": [21.888492099998984, 22.118768800020916, 22.735736399976304, 23.16840090000187, 23.619337900017854, 23.738203800021438, 23.744926299987128, 23.745174900017446, 23.819783000013558, 23.93608869999298, 23.940546900004847, 24.139050800004043, 24.22465680001187, 24.234344099997543, 24.55302110000048, 24.583040799974697, 24.608477799978573, 24.822423200006597, 25.355415899975924, 25.55164859999786, 25.65383880000445, 25.68901289999485, 25.864724100014428, 26.057474300003378, 26.21059060000698, 26.57948949999991, 26.743659800005844], ""ocorrencias_moda"": 1, ""iqr"": 1.857693099998869}",64429.0,"[20.0, 24.0]","{""14"": {""sucessos"": 0, ""total"": 27, ""percentual"": 0.0, ""ic95"": [0.0, 12.455502974186704]}, ""15"": {""sucessos"": 0, ""total"": 27, ""percentual"": 0.0, ""ic95"": [0.0, 12.455502974186704]}, ""18"": {""sucessos"": 0, ""total"": 27, ""percentual"": 0.0, ""ic95"": [0.0, 12.455502974186704]}, ""22"": {""sucessos"": 5, ""total"": 27, ""percentual"": 18.51851851851852, ""ic95"": [8.180707142976532, 36.698683618548436]}}",40 nós | LB FULL | K4_AND_NOR_XOR_NOT,80001
e1f650a489c3,40,K4_AND_NOR_XNOR_NOT,"{""n"": 8, ""min"": 18.0, ""max"": 25.0, ""media"": 20.875, ""mediana"": 20.5, ""desvio_padrao"": 2.1671244937540095, ""q1"": 19.75, ""q3"": 22.0, ""p90"": 22.9, ""p95"": 23.95, ""modas"": [20.0, 22.0], ""ocorrencias_moda"": 2, ""iqr"": 2.25}",FULL,4,7,20000,4,SINGLE_ATIVO_DIRETO,False,True,False,70,and | nor | xnor | not,27,8,29.62962962962963,"[15.853040469779772, 48.48068296414815]","[20, 21, 22, 23, 24, 25, 26, 27, 28, 29, 30, 31, 32, 33, 34, 35, 36, 37, 38, 39, 40, 41, 42, 43, 44, 45, 46]","{""n"": 27, ""min"": 95.71428571428571, ""max"": 100.0, ""media"": 98.46560846560847, ""mediana"": 98.57142857142857, ""desvio_padrao"": 1.3682842804775175, ""q1"": 97.85714285714286, ""q3"": 100.0, ""p90"": 100.0, ""p95"": 100.0, ""modas"": [98.57142857142857], ""ocorrencias_moda"": 12, ""iqr"": 2.142857142857139}","{""n"": 8, ""min"": 6.0, ""max"": 8.0, ""media"": 7.25, ""mediana"": 7.5, ""desvio_padrao"": 0.8864052604279183, ""q1"": 6.75, ""q3"": 8.0, ""p90"": 8.0, ""p95"": 8.0, ""modas"": [8.0], ""ocorrencias_moda"": 4, ""iqr"": 1.25}","{""n"": 27, ""min"": 22.41909849998774, ""max"": 27.172712200001115, ""media"": 24.716906881480504, ""mediana"": 24.91767609998351, ""desvio_padrao"": 1.2127214668959336, ""q1"": 23.9109529999987, ""q3"": 25.23563650000142, ""p90"": 26.452584400004707, ""p95"": 26.755308690000675, ""modas"": [22.41909849998774, 22.88012799998978, 22.905783199996222, 23.37844440000481, 23.48526899999706, 23.501461299980292, 23.812515099998564, 24.009390899998834, 24.07610050000949, 24.322635899996385, 24.40675240001292, 24.70863810001174, 24.713476600009017, 24.91767609998351, 24.953193499997724, 24.985675500007346, 24.985824600007618, 25.079347699997015, 25.091923300002236, 25.17110069998307, 25.300172300019767, 25.553386599989608, 25.73893669998506, 26.428967999992892, 26.48800900002243, 26.86986569999135, 27.172712200001115], ""ocorrencias_moda"": 1, ""iqr"": 1.3246835000027204}",40757.0,"[19.0, 22.0]","{""14"": {""sucessos"": 0, ""total"": 27, ""percentual"": 0.0, ""ic95"": [0.0, 12.455502974186704]}, ""15"": {""sucessos"": 0, ""total"": 27, ""percentual"": 0.0, ""ic95"": [0.0, 12.455502974186704]}, ""18"": {""sucessos"": 1, ""total"": 27, ""percentual"": 3.7037037037037037, ""ic95"": [0.6568145980785132, 18.283465933575844]}, ""22"": {""sucessos"": 7, ""total"": 27, ""percentual"": 25.925925925925927, ""ic95"": [13.170374561907197, 44.678571314553075]}}",40 nós | LB FULL | K4_AND_NOR_XNOR_NOT,80001
2796e1cc05a1,40,K4_OR_XOR_XNOR_NOT,"{""n"": 6, ""min"": 17.0, ""max"": 24.0, ""media"": 20.166666666666668, ""mediana"": 20.0, ""desvio_padrao"": 2.3166067138525404, ""q1"": 19.25, ""q3"": 20.75, ""p90"": 22.5, ""p95"": 23.25, ""modas"": [20.0], ""ocorrencias_moda"": 2, ""iqr"": 1.5}",FULL,4,7,20000,4,SINGLE_ATIVO_DIRETO,False,True,False,70,or | xor | xnor | not,27,6,22.22222222222222,"[10.607239452360043, 40.75692886663258]","[20, 21, 22, 23, 24, 25, 26, 27, 28, 29, 30, 31, 32, 33, 34, 35, 36, 37, 38, 39, 40, 41, 42, 43, 44, 45, 46]","{""n"": 27, ""min"": 97.14285714285714, ""max"": 100.0, ""media"": 98.51851851851852, ""mediana"": 98.57142857142857, ""desvio_padrao"": 1.0087125544480056, ""q1"": 97.85714285714286, ""q3"": 98.57142857142857, ""p90"": 100.0, ""p95"": 100.0, ""modas"": [98.57142857142857], ""ocorrencias_moda"": 14, ""iqr"": 0.7142857142857082}","{""n"": 6, ""min"": 5.0, ""max"": 10.0, ""media"": 7.5, ""mediana"": 7.0, ""desvio_padrao"": 1.760681686165901, ""q1"": 7.0, ""q3"": 8.5, ""p90"": 9.5, ""p95"": 9.75, ""modas"": [7.0], ""ocorrencias_moda"": 3, ""iqr"": 1.5}","{""n"": 27, ""min"": 21.867155399988405, ""max"": 26.276165900024353, ""media"": 24.22922660000256, ""mediana"": 24.359927699988475, ""desvio_padrao"": 1.4446951174291993, ""q1"": 22.97325290000299, ""q3"": 25.611163299996406, ""p90"": 26.04506198001327, ""p95"": 26.178587750004954, ""modas"": [21.867155399988405, 22.03316670001368, 22.105966900009662, 22.61165639999672, 22.658669600001303, 22.787682199996198, 22.809453800000483, 23.137052000005497, 23.200951300008455, 23.347291899990523, 23.429549799999222, 23.988278500008164, 24.3247612999985, 24.359927699988475, 24.41534850001335, 24.447938400000567, 24.724210399988806, 25.05794140000944, 25.171981599996798, 25.518050599988783, 25.70427600000403, 25.882790600007866, 26.00680370000191, 26.01783590001287, 26.08590110001387, 26.218310600001132, 26.276165900024353], ""ocorrencias_moda"": 1, ""iqr"": 2.637910399993416}",41447.0,"[18.0, 22.5]","{""14"": {""sucessos"": 0, ""total"": 27, ""percentual"": 0.0, ""ic95"": [0.0, 12.455502974186704]}, ""15"": {""sucessos"": 0, ""total"": 27, ""percentual"": 0.0, ""ic95"": [0.0, 12.455502974186704]}, ""18"": {""sucessos"": 1, ""total"": 27, ""percentual"": 3.7037037037037037, ""ic95"": [0.6568145980785132, 18.283465933575844]}, ""22"": {""sucessos"": 5, ""total"": 27, ""percentual"": 18.51851851851852, ""ic95"": [8.180707142976532, 36.698683618548436]}}",40 nós | LB FULL | K4_OR_XOR_XNOR_NOT,80001
dc4f4693a87d,40,K4_AND_XOR_XNOR_NOT,"{""n"": 2, ""min"": 25.0, ""max"": 27.0, ""media"": 26.0, ""mediana"": 26.0, ""desvio_padrao"": 1.4142135623730951, ""q1"": 25.5, ""q3"": 26.5, ""p90"": 26.8, ""p95"": 26.9, ""modas"": [25.0, 27.0], ""ocorrencias_moda"": 1, ""iqr"": 1.0}",FULL,4,7,20000,4,SINGLE_ATIVO_DIRETO,False,True,False,70,and | xor | xnor | not,27,2,7.407407407407407,"[2.055465406098865, 23.369592683023143]","[20, 21, 22, 23, 24, 25, 26, 27, 28, 29, 30, 31, 32, 33, 34, 35, 36, 37, 38, 39, 40, 41, 42, 43, 44, 45, 46]","{""n"": 27, ""min"": 95.71428571428571, ""max"": 100.0, ""media"": 97.46031746031746, ""mediana"": 97.14285714285714, ""desvio_padrao"": 1.2736511832024715, ""q1"": 97.14285714285714, ""q3"": 98.57142857142857, ""p90"": 98.57142857142857, ""p95"": 99.57142857142857, ""modas"": [97.14285714285714], ""ocorrencias_moda"": 11, ""iqr"": 1.4285714285714306}","{""n"": 2, ""min"": 7.0, ""max"": 9.0, ""media"": 8.0, ""mediana"": 8.0, ""desvio_padrao"": 1.4142135623730951, ""q1"": 7.5, ""q3"": 8.5, ""p90"": 8.8, ""p95"": 8.9, ""modas"": [7.0, 9.0], ""ocorrencias_moda"": 1, ""iqr"": 1.0}","{""n"": 27, ""min"": 21.961410899995826, ""max"": 34.48053040000377, ""media"": 27.429172355552307, ""mediana"": 26.73821089998819, ""desvio_padrao"": 3.2832921581947465, ""q1"": 24.74128844999359, ""q3"": 30.340975499988417, ""p90"": 30.937132860015847, ""p95"": 31.85861546000815, ""modas"": [21.961410899995826, 22.796874099993147, 22.994524399982765, 24.093597099999897, 24.105661100009456, 24.481765499978792, 24.531661099987105, 24.950915800000075, 25.240238400001545, 25.576437199983047, 25.645421699999133, 26.132562999991933, 26.408499100012705, 26.73821089998819, 27.263236900005722, 28.85380549999536, 29.077252099988982, 29.21754080001847, 30.02571539999917, 30.287890999985393, 30.39405999999144, 30.517234899976756, 30.702565199986566, 30.81280450001941, 31.123625400010496, 32.173611200007144, 34.48053040000377], ""ocorrencias_moda"": 1, ""iqr"": 5.599687049994827}",55975.0,,"{""14"": {""sucessos"": 0, ""total"": 27, ""percentual"": 0.0, ""ic95"": [0.0, 12.455502974186704]}, ""15"": {""sucessos"": 0, ""total"": 27, ""percentual"": 0.0, ""ic95"": [0.0, 12.455502974186704]}, ""18"": {""sucessos"": 0, ""total"": 27, ""percentual"": 0.0, ""ic95"": [0.0, 12.455502974186704]}, ""22"": {""sucessos"": 0, ""total"": 27, ""percentual"": 0.0, ""ic95"": [0.0, 12.455502974186704]}}",40 nós | LB FULL | K4_AND_XOR_XNOR_NOT,80001
e6582c191133,40,K4_NOR_XOR_XNOR_NOT,"{""n"": 1, ""min"": 24.0, ""max"": 24.0, ""media"": 24.0, ""mediana"": 24.0, ""desvio_padrao"": null, ""q1"": 24.0, ""q3"": 24.0, ""p90"": 24.0, ""p95"": 24.0, ""modas"": [24.0], ""ocorrencias_moda"": 1, ""iqr"": 0.0}",FULL,4,7,20000,4,SINGLE_ATIVO_DIRETO,False,True,False,70,nor | xor | xnor | not,27,1,3.7037037037037037,"[0.6568145980785132, 18.283465933575844]","[20, 21, 22, 23, 24, 25, 26, 27, 28, 29, 30, 31, 32, 33, 34, 35, 36, 37, 38, 39, 40, 41, 42, 43, 44, 45, 46]","{""n"": 27, ""min"": 95.71428571428571, ""max"": 100.0, ""media"": 97.88359788359789, ""mediana"": 98.57142857142857, ""desvio_padrao"": 1.0000290710350819, ""q1"": 97.14285714285714, ""q3"": 98.57142857142857, ""p90"": 98.57142857142857, ""p95"": 98.57142857142857, ""modas"": [98.57142857142857], ""ocorrencias_moda"": 14, ""iqr"": 1.4285714285714306}","{""n"": 1, ""min"": 9.0, ""max"": 9.0, ""media"": 9.0, ""mediana"": 9.0, ""desvio_padrao"": null, ""q1"": 9.0, ""q3"": 9.0, ""p90"": 9.0, ""p95"": 9.0, ""modas"": [9.0], ""ocorrencias_moda"": 1, ""iqr"": 0.0}","{""n"": 27, ""min"": 23.069928000011714, ""max"": 34.44414580002194, ""media"": 27.663428107409143, ""mediana"": 26.87971209999523, ""desvio_padrao"": 2.791614500959471, ""q1"": 25.990925649995916, ""q3"": 29.57896475000598, ""p90"": 31.619157059991267, ""p95"": 32.413498909986814, ""modas"": [23.069928000011714, 24.140719599992735, 24.380641099996865, 24.965208099980373, 25.31228650000412, 25.43814559999737, 25.984726800001226, 25.997124499990605, 26.22993120001047, 26.423283400014043, 26.620272000000114, 26.747921400004998, 26.783856599999126, 26.87971209999523, 27.075454000005266, 27.14507280001999, 27.25659380000434, 27.92544039999484, 27.955229500017595, 29.202533900010167, 29.955395600001793, 30.05957889999263, 30.933113700011745, 31.577145499992184, 31.68217439998989, 32.72692369998549, 34.44414580002194], ""ocorrencias_moda"": 1, ""iqr"": 3.5880391000100644}",78961,,"{""14"": {""sucessos"": 0, ""total"": 27, ""percentual"": 0.0, ""ic95"": [0.0, 12.455502974186704]}, ""15"": {""sucessos"": 0, ""total"": 27, ""percentual"": 0.0, ""ic95"": [0.0, 12.455502974186704]}, ""18"": {""sucessos"": 0, ""total"": 27, ""percentual"": 0.0, ""ic95"": [0.0, 12.455502974186704]}, ""22"": {""sucessos"": 0, ""total"": 27, ""percentual"": 0.0, ""ic95"": [0.0, 12.455502974186704]}}",40 nós | LB FULL | K4_NOR_XOR_XNOR_NOT,80001
