execucao,total_execucoes,status_execucao,erro_tecnico,mensagem_erro,nos,conjunto,levels_back,seed,tempo_tentativa_s
1,1728,OK,False,,40,K4_AND_OR_NAND_NOR,FULL,20,20.545321
2,1728,OK,False,,40,K4_AND_OR_NAND_NOR,FULL,21,29.730915
3,1728,OK,False,,40,K4_AND_OR_NAND_NOR,FULL,22,29.607324
4,1728,OK,False,,40,K4_AND_OR_NAND_NOR,FULL,23,29.859749
5,1728,OK,False,,40,K4_AND_OR_NAND_NOR,FULL,24,29.762987
6,1728,OK,False,,40,K4_AND_OR_NAND_NOR,FULL,25,28.200299
7,1728,OK,False,,40,K4_AND_OR_NAND_NOR,FULL,26,28.004229
8,1728,OK,False,,40,K4_AND_OR_NAND_NOR,FULL,27,28.107391
9,1728,OK,False,,40,K4_AND_OR_NAND_NOR,FULL,28,28.910213
10,1728,OK,False,,40,K4_AND_OR_NAND_NOR,FULL,29,27.325488
11,1728,OK,False,,40,K4_AND_OR_NAND_NOR,FULL,30,30.792836
12,1728,OK,False,,40,K4_AND_OR_NAND_NOR,FULL,31,29.464166
13,1728,OK,False,,40,K4_AND_OR_NAND_NOR,FULL,32,28.667658
14,1728,OK,False,,40,K4_AND_OR_NAND_NOR,FULL,33,29.913827
15,1728,OK,False,,40,K4_AND_OR_NAND_NOR,FULL,34,28.133401
16,1728,OK,False,,40,K4_AND_OR_NAND_NOR,FULL,35,25.260141
17,1728,OK,False,,40,K4_AND_OR_NAND_NOR,FULL,36,29.021571
18,1728,OK,False,,40,K4_AND_OR_NAND_NOR,FULL,37,30.644863
19,1728,OK,False,,40,K4_AND_OR_NAND_NOR,FULL,38,29.302320
20,1728,OK,False,,40,K4_AND_OR_NAND_NOR,FULL,39,28.652593
21,1728,OK,False,,40,K4_AND_OR_NAND_NOR,FULL,40,27.346110
22,1728,OK,False,,40,K4_AND_OR_NAND_NOR,FULL,41,28.295114
23,1728,OK,False,,40,K4_AND_OR_NAND_NOR,FULL,42,29.570298
24,1728,OK,False,,40,K4_AND_OR_NAND_NOR,FULL,43,33.810475
25,1728,OK,False,,40,K4_AND_OR_NAND_NOR,FULL,44,29.080768
26,1728,OK,False,,40,K4_AND_OR_NAND_NOR,FULL,45,29.635930
27,1728,OK,False,,40,K4_AND_OR_NAND_NOR,FULL,46,28.037999
28,1728,OK,False,,40,K4_AND_OR_NAND_XOR,FULL,20,27.255454
29,1728,OK,False,,40,K4_AND_OR_NAND_XOR,FULL,21,28.116198
30,1728,OK,False,,40,K4_AND_OR_NAND_XOR,FULL,22,25.056448
31,1728,OK,False,,40,K4_AND_OR_NAND_XOR,FULL,23,27.484833
32,1728,OK,False,,40,K4_AND_OR_NAND_XOR,FULL,24,28.078024
33,1728,OK,False,,40,K4_AND_OR_NAND_XOR,FULL,25,26.954688
34,1728,OK,False,,40,K4_AND_OR_NAND_XOR,FULL,26,25.723781
35,1728,OK,False,,40,K4_AND_OR_NAND_XOR,FULL,27,27.459439
36,1728,OK,False,,40,K4_AND_OR_NAND_XOR,FULL,28,27.607722
37,1728,OK,False,,40,K4_AND_OR_NAND_XOR,FULL,29,27.866496
38,1728,OK,False,,40,K4_AND_OR_NAND_XOR,FULL,30,29.400756
39,1728,OK,False,,40,K4_AND_OR_NAND_XOR,FULL,31,21.769725
40,1728,OK,False,,40,K4_AND_OR_NAND_XOR,FULL,32,27.166810
41,1728,OK,False,,40,K4_AND_OR_NAND_XOR,FULL,33,28.460049
42,1728,OK,False,,40,K4_AND_OR_NAND_XOR,FULL,34,27.136344
43,1728,OK,False,,40,K4_AND_OR_NAND_XOR,FULL,35,28.169735
44,1728,OK,False,,40,K4_AND_OR_NAND_XOR,FULL,36,25.104166
45,1728,OK,False,,40,K4_AND_OR_NAND_XOR,FULL,37,28.367666
46,1728,OK,False,,40,K4_AND_OR_NAND_XOR,FULL,38,28.854340
47,1728,OK,False,,40,K4_AND_OR_NAND_XOR,FULL,39,27.532085
48,1728,OK,False,,40,K4_AND_OR_NAND_XOR,FULL,40,26.200153
49,1728,OK,False,,40,K4_AND_OR_NAND_XOR,FULL,41,28.075820
50,1728,OK,False,,40,K4_AND_OR_NAND_XOR,FULL,42,25.255935
51,1728,OK,False,,40,K4_AND_OR_NAND_XOR,FULL,43,30.900766
52,1728,OK,False,,40,K4_AND_OR_NAND_XOR,FULL,44,32.536529
53,1728,OK,False,,40,K4_AND_OR_NAND_XOR,FULL,45,26.277134
54,1728,OK,False,,40,K4_AND_OR_NAND_XOR,FULL,46,27.768090
55,1728,OK,False,,40,K4_AND_OR_NAND_XNOR,FULL,20,27.944808
56,1728,OK,False,,40,K4_AND_OR_NAND_XNOR,FULL,21,26.417772
57,1728,OK,False,,40,K4_AND_OR_NAND_XNOR,FULL,22,24.795606
58,1728,OK,False,,40,K4_AND_OR_NAND_XNOR,FULL,23,26.519157
59,1728,OK,False,,40,K4_AND_OR_NAND_XNOR,FULL,24,27.275622
60,1728,OK,False,,40,K4_AND_OR_NAND_XNOR,FULL,25,29.080371
61,1728,OK,False,,40,K4_AND_OR_NAND_XNOR,FULL,26,28.648848
62,1728,OK,False,,40,K4_AND_OR_NAND_XNOR,FULL,27,29.396228
63,1728,OK,False,,40,K4_AND_OR_NAND_XNOR,FULL,28,25.454563
64,1728,OK,False,,40,K4_AND_OR_NAND_XNOR,FULL,29,28.198900
65,1728,OK,False,,40,K4_AND_OR_NAND_XNOR,FULL,30,26.297148
66,1728,OK,False,,40,K4_AND_OR_NAND_XNOR,FULL,31,30.472571
67,1728,OK,False,,40,K4_AND_OR_NAND_XNOR,FULL,32,28.571077
68,1728,OK,False,,40,K4_AND_OR_NAND_XNOR,FULL,33,29.545414
69,1728,OK,False,,40,K4_AND_OR_NAND_XNOR,FULL,34,26.892834
70,1728,OK,False,,40,K4_AND_OR_NAND_XNOR,FULL,35,28.384755
71,1728,OK,False,,40,K4_AND_OR_NAND_XNOR,FULL,36,25.553542
72,1728,OK,False,,40,K4_AND_OR_NAND_XNOR,FULL,37,29.225098
73,1728,OK,False,,40,K4_AND_OR_NAND_XNOR,FULL,38,31.202091
74,1728,OK,False,,40,K4_AND_OR_NAND_XNOR,FULL,39,30.675739
75,1728,OK,False,,40,K4_AND_OR_NAND_XNOR,FULL,40,29.369989
76,1728,OK,False,,40,K4_AND_OR_NAND_XNOR,FULL,41,30.191812
77,1728,OK,False,,40,K4_AND_OR_NAND_XNOR,FULL,42,27.360512
78,1728,OK,False,,40,K4_AND_OR_NAND_XNOR,FULL,43,30.061212
79,1728,OK,False,,40,K4_AND_OR_NAND_XNOR,FULL,44,27.341428
80,1728,OK,False,,40,K4_AND_OR_NAND_XNOR,FULL,45,23.537951
81,1728,OK,False,,40,K4_AND_OR_NAND_XNOR,FULL,46,27.374856
82,1728,OK,False,,40,K4_AND_OR_NAND_NOT,FULL,20,27.694068
83,1728,OK,False,,40,K4_AND_OR_NAND_NOT,FULL,21,27.059619
84,1728,OK,False,,40,K4_AND_OR_NAND_NOT,FULL,22,23.468884
85,1728,OK,False,,40,K4_AND_OR_NAND_NOT,FULL,23,26.224245
86,1728,OK,False,,40,K4_AND_OR_NAND_NOT,FULL,24,25.895004
87,1728,OK,False,,40,K4_AND_OR_NAND_NOT,FULL,25,25.556878
88,1728,OK,False,,40,K4_AND_OR_NAND_NOT,FULL,26,24.519855
89,1728,OK,False,,40,K4_AND_OR_NAND_NOT,FULL,27,27.959806
90,1728,OK,False,,40,K4_AND_OR_NAND_NOT,FULL,28,28.138275
91,1728,OK,False,,40,K4_AND_OR_NAND_NOT,FULL,29,25.207652
92,1728,OK,False,,40,K4_AND_OR_NAND_NOT,FULL,30,24.890137
93,1728,OK,False,,40,K4_AND_OR_NAND_NOT,FULL,31,29.399583
94,1728,OK,False,,40,K4_AND_OR_NAND_NOT,FULL,32,27.270275
95,1728,OK,False,,40,K4_AND_OR_NAND_NOT,FULL,33,28.530233
96,1728,OK,False,,40,K4_AND_OR_NAND_NOT,FULL,34,23.870534
97,1728,OK,False,,40,K4_AND_OR_NAND_NOT,FULL,35,25.571760
98,1728,OK,False,,40,K4_AND_OR_NAND_NOT,FULL,36,27.188327
99,1728,OK,False,,40,K4_AND_OR_NAND_NOT,FULL,37,26.360067
100,1728,OK,False,,40,K4_AND_OR_NAND_NOT,FULL,38,24.113631
101,1728,OK,False,,40,K4_AND_OR_NAND_NOT,FULL,39,26.403416
102,1728,OK,False,,40,K4_AND_OR_NAND_NOT,FULL,40,26.458632
103,1728,OK,False,,40,K4_AND_OR_NAND_NOT,FULL,41,23.497994
104,1728,OK,False,,40,K4_AND_OR_NAND_NOT,FULL,42,28.708887
105,1728,OK,False,,40,K4_AND_OR_NAND_NOT,FULL,43,26.683628
106,1728,OK,False,,40,K4_AND_OR_NAND_NOT,FULL,44,27.175895
107,1728,OK,False,,40,K4_AND_OR_NAND_NOT,FULL,45,23.172985
108,1728,OK,False,,40,K4_AND_OR_NAND_NOT,FULL,46,28.242261
109,1728,OK,False,,40,K4_AND_OR_NOR_XOR,FULL,20,26.796818
110,1728,OK,False,,40,K4_AND_OR_NOR_XOR,FULL,21,24.269005
111,1728,OK,False,,40,K4_AND_OR_NOR_XOR,FULL,22,25.348406
112,1728,OK,False,,40,K4_AND_OR_NOR_XOR,FULL,23,27.820104
113,1728,OK,False,,40,K4_AND_OR_NOR_XOR,FULL,24,26.439671
114,1728,OK,False,,40,K4_AND_OR_NOR_XOR,FULL,25,27.142839
115,1728,OK,False,,40,K4_AND_OR_NOR_XOR,FULL,26,23.970657
116,1728,OK,False,,40,K4_AND_OR_NOR_XOR,FULL,27,27.038371
117,1728,OK,False,,40,K4_AND_OR_NOR_XOR,FULL,28,26.934232
118,1728,OK,False,,40,K4_AND_OR_NOR_XOR,FULL,29,27.799627
119,1728,OK,False,,40,K4_AND_OR_NOR_XOR,FULL,30,26.083029
120,1728,OK,False,,40,K4_AND_OR_NOR_XOR,FULL,31,24.070956
121,1728,OK,False,,40,K4_AND_OR_NOR_XOR,FULL,32,27.113636
122,1728,OK,False,,40,K4_AND_OR_NOR_XOR,FULL,33,27.808286
123,1728,OK,False,,40,K4_AND_OR_NOR_XOR,FULL,34,27.293678
124,1728,OK,False,,40,K4_AND_OR_NOR_XOR,FULL,35,23.585203
125,1728,OK,False,,40,K4_AND_OR_NOR_XOR,FULL,36,26.912397
126,1728,OK,False,,40,K4_AND_OR_NOR_XOR,FULL,37,26.439103
127,1728,OK,False,,40,K4_AND_OR_NOR_XOR,FULL,38,28.791235
128,1728,OK,False,,40,K4_AND_OR_NOR_XOR,FULL,39,24.129277
129,1728,OK,False,,40,K4_AND_OR_NOR_XOR,FULL,40,27.441028
130,1728,OK,False,,40,K4_AND_OR_NOR_XOR,FULL,41,26.781700
131,1728,OK,False,,40,K4_AND_OR_NOR_XOR,FULL,42,27.456261
132,1728,OK,False,,40,K4_AND_OR_NOR_XOR,FULL,43,24.504331
133,1728,OK,False,,40,K4_AND_OR_NOR_XOR,FULL,44,27.421835
134,1728,OK,False,,40,K4_AND_OR_NOR_XOR,FULL,45,27.830321
135,1728,OK,False,,40,K4_AND_OR_NOR_XOR,FULL,46,26.796069
136,1728,OK,False,,40,K4_AND_OR_NOR_XNOR,FULL,20,27.463118
137,1728,OK,False,,40,K4_AND_OR_NOR_XNOR,FULL,21,24.072641
138,1728,OK,False,,40,K4_AND_OR_NOR_XNOR,FULL,22,27.302086
139,1728,OK,False,,40,K4_AND_OR_NOR_XNOR,FULL,23,27.513412
140,1728,OK,False,,40,K4_AND_OR_NOR_XNOR,FULL,24,25.531932
141,1728,OK,False,,40,K4_AND_OR_NOR_XNOR,FULL,25,25.172472
142,1728,OK,False,,40,K4_AND_OR_NOR_XNOR,FULL,26,27.138260
143,1728,OK,False,,40,K4_AND_OR_NOR_XNOR,FULL,27,26.623140
144,1728,OK,False,,40,K4_AND_OR_NOR_XNOR,FULL,28,24.530661
145,1728,OK,False,,40,K4_AND_OR_NOR_XNOR,FULL,29,26.131671
146,1728,OK,False,,40,K4_AND_OR_NOR_XNOR,FULL,30,26.868547
147,1728,OK,False,,40,K4_AND_OR_NOR_XNOR,FULL,31,27.399891
148,1728,OK,False,,40,K4_AND_OR_NOR_XNOR,FULL,32,28.849531
149,1728,OK,False,,40,K4_AND_OR_NOR_XNOR,FULL,33,23.901356
150,1728,OK,False,,40,K4_AND_OR_NOR_XNOR,FULL,34,28.550944
151,1728,OK,False,,40,K4_AND_OR_NOR_XNOR,FULL,35,26.779929
152,1728,OK,False,,40,K4_AND_OR_NOR_XNOR,FULL,36,26.981326
153,1728,OK,False,,40,K4_AND_OR_NOR_XNOR,FULL,37,26.893922
154,1728,OK,False,,40,K4_AND_OR_NOR_XNOR,FULL,38,24.020757
155,1728,OK,False,,40,K4_AND_OR_NOR_XNOR,FULL,39,26.625634
156,1728,OK,False,,40,K4_AND_OR_NOR_XNOR,FULL,40,26.528586
157,1728,OK,False,,40,K4_AND_OR_NOR_XNOR,FULL,41,27.564741
158,1728,OK,False,,40,K4_AND_OR_NOR_XNOR,FULL,42,24.522368
159,1728,OK,False,,40,K4_AND_OR_NOR_XNOR,FULL,43,26.934576
160,1728,OK,False,,40,K4_AND_OR_NOR_XNOR,FULL,44,25.407482
161,1728,OK,False,,40,K4_AND_OR_NOR_XNOR,FULL,45,24.476016
162,1728,OK,False,,40,K4_AND_OR_NOR_XNOR,FULL,46,27.141786
163,1728,OK,False,,40,K4_AND_OR_NOR_NOT,FULL,20,25.714292
164,1728,OK,False,,40,K4_AND_OR_NOR_NOT,FULL,21,24.313753
165,1728,OK,False,,40,K4_AND_OR_NOR_NOT,FULL,22,22.587756
166,1728,OK,False,,40,K4_AND_OR_NOR_NOT,FULL,23,25.014097
167,1728,OK,False,,40,K4_AND_OR_NOR_NOT,FULL,24,24.362080
168,1728,OK,False,,40,K4_AND_OR_NOR_NOT,FULL,25,27.094183
169,1728,OK,False,,40,K4_AND_OR_NOR_NOT,FULL,26,25.964770
170,1728,OK,False,,40,K4_AND_OR_NOR_NOT,FULL,27,23.214744
171,1728,OK,False,,40,K4_AND_OR_NOR_NOT,FULL,28,26.145279
172,1728,OK,False,,40,K4_AND_OR_NOR_NOT,FULL,29,24.490079
173,1728,OK,False,,40,K4_AND_OR_NOR_NOT,FULL,30,22.985935
174,1728,OK,False,,40,K4_AND_OR_NOR_NOT,FULL,31,26.635877
175,1728,OK,False,,40,K4_AND_OR_NOR_NOT,FULL,32,25.419177
176,1728,OK,False,,40,K4_AND_OR_NOR_NOT,FULL,33,23.881967
177,1728,OK,False,,40,K4_AND_OR_NOR_NOT,FULL,34,26.051885
178,1728,OK,False,,40,K4_AND_OR_NOR_NOT,FULL,35,25.854517
179,1728,OK,False,,40,K4_AND_OR_NOR_NOT,FULL,36,22.118674
180,1728,OK,False,,40,K4_AND_OR_NOR_NOT,FULL,37,27.853001
181,1728,OK,False,,40,K4_AND_OR_NOR_NOT,FULL,38,25.350191
182,1728,OK,False,,40,K4_AND_OR_NOR_NOT,FULL,39,26.475789
183,1728,OK,False,,40,K4_AND_OR_NOR_NOT,FULL,40,23.931604
184,1728,OK,False,,40,K4_AND_OR_NOR_NOT,FULL,41,25.672071
185,1728,OK,False,,40,K4_AND_OR_NOR_NOT,FULL,42,25.581885
186,1728,OK,False,,40,K4_AND_OR_NOR_NOT,FULL,43,23.786571
187,1728,OK,False,,40,K4_AND_OR_NOR_NOT,FULL,44,27.436453
188,1728,OK,False,,40,K4_AND_OR_NOR_NOT,FULL,45,24.702470
189,1728,OK,False,,40,K4_AND_OR_NOR_NOT,FULL,46,24.696067
190,1728,OK,False,,40,K4_AND_OR_XOR_XNOR,FULL,20,26.113922
191,1728,OK,False,,40,K4_AND_OR_XOR_XNOR,FULL,21,26.271264
192,1728,OK,False,,40,K4_AND_OR_XOR_XNOR,FULL,22,25.481334
193,1728,OK,False,,40,K4_AND_OR_XOR_XNOR,FULL,23,24.972781
194,1728,OK,False,,40,K4_AND_OR_XOR_XNOR,FULL,24,25.971192
195,1728,OK,False,,40,K4_AND_OR_XOR_XNOR,FULL,25,24.595635
196,1728,OK,False,,40,K4_AND_OR_XOR_XNOR,FULL,26,26.579736
197,1728,OK,False,,40,K4_AND_OR_XOR_XNOR,FULL,27,26.071119
198,1728,OK,False,,40,K4_AND_OR_XOR_XNOR,FULL,28,27.344319
199,1728,OK,False,,40,K4_AND_OR_XOR_XNOR,FULL,29,22.301355
200,1728,OK,False,,40,K4_AND_OR_XOR_XNOR,FULL,30,25.835791
201,1728,OK,False,,40,K4_AND_OR_XOR_XNOR,FULL,31,25.945631
202,1728,OK,False,,40,K4_AND_OR_XOR_XNOR,FULL,32,23.148621
203,1728,OK,False,,40,K4_AND_OR_XOR_XNOR,FULL,33,27.575436
204,1728,OK,False,,40,K4_AND_OR_XOR_XNOR,FULL,34,27.376461
205,1728,OK,False,,40,K4_AND_OR_XOR_XNOR,FULL,35,27.413261
206,1728,OK,False,,40,K4_AND_OR_XOR_XNOR,FULL,36,23.900995
207,1728,OK,False,,40,K4_AND_OR_XOR_XNOR,FULL,37,25.445289
208,1728,OK,False,,40,K4_AND_OR_XOR_XNOR,FULL,38,26.745734
209,1728,OK,False,,40,K4_AND_OR_XOR_XNOR,FULL,39,26.980558
210,1728,OK,False,,40,K4_AND_OR_XOR_XNOR,FULL,40,29.723250
211,1728,OK,False,,40,K4_AND_OR_XOR_XNOR,FULL,41,25.433683
212,1728,OK,False,,40,K4_AND_OR_XOR_XNOR,FULL,42,25.675310
213,1728,OK,False,,40,K4_AND_OR_XOR_XNOR,FULL,43,25.573906
214,1728,OK,False,,40,K4_AND_OR_XOR_XNOR,FULL,44,24.144256
215,1728,OK,False,,40,K4_AND_OR_XOR_XNOR,FULL,45,27.364649
216,1728,OK,False,,40,K4_AND_OR_XOR_XNOR,FULL,46,27.859611
217,1728,OK,False,,40,K4_AND_OR_XOR_NOT,FULL,20,25.034686
218,1728,OK,False,,40,K4_AND_OR_XOR_NOT,FULL,21,23.243253
219,1728,OK,False,,40,K4_AND_OR_XOR_NOT,FULL,22,25.657410
220,1728,OK,False,,40,K4_AND_OR_XOR_NOT,FULL,23,24.356994
221,1728,OK,False,,40,K4_AND_OR_XOR_NOT,FULL,24,22.559105
222,1728,OK,False,,40,K4_AND_OR_XOR_NOT,FULL,25,26.654668
223,1728,OK,False,,40,K4_AND_OR_XOR_NOT,FULL,26,23.504752
224,1728,OK,False,,40,K4_AND_OR_XOR_NOT,FULL,27,24.662633
225,1728,OK,False,,40,K4_AND_OR_XOR_NOT,FULL,28,25.832656
226,1728,OK,False,,40,K4_AND_OR_XOR_NOT,FULL,29,23.244945
227,1728,OK,False,,40,K4_AND_OR_XOR_NOT,FULL,30,26.009644
228,1728,OK,False,,40,K4_AND_OR_XOR_NOT,FULL,31,24.873312
229,1728,OK,False,,40,K4_AND_OR_XOR_NOT,FULL,32,24.836974
230,1728,OK,False,,40,K4_AND_OR_XOR_NOT,FULL,33,26.783252
231,1728,OK,False,,40,K4_AND_OR_XOR_NOT,FULL,34,23.861654
232,1728,OK,False,,40,K4_AND_OR_XOR_NOT,FULL,35,23.701988
233,1728,OK,False,,40,K4_AND_OR_XOR_NOT,FULL,36,25.689976
234,1728,OK,False,,40,K4_AND_OR_XOR_NOT,FULL,37,26.082909
235,1728,OK,False,,40,K4_AND_OR_XOR_NOT,FULL,38,22.392884
236,1728,OK,False,,40,K4_AND_OR_XOR_NOT,FULL,39,25.206149
237,1728,OK,False,,40,K4_AND_OR_XOR_NOT,FULL,40,26.319520
238,1728,OK,False,,40,K4_AND_OR_XOR_NOT,FULL,41,23.748301
239,1728,OK,False,,40,K4_AND_OR_XOR_NOT,FULL,42,25.682521
240,1728,OK,False,,40,K4_AND_OR_XOR_NOT,FULL,43,23.928325
241,1728,OK,False,,40,K4_AND_OR_XOR_NOT,FULL,44,24.659317
242,1728,OK,False,,40,K4_AND_OR_XOR_NOT,FULL,45,26.563341
243,1728,OK,False,,40,K4_AND_OR_XOR_NOT,FULL,46,25.429189
244,1728,OK,False,,40,K4_AND_OR_XNOR_NOT,FULL,20,24.682331
245,1728,OK,False,,40,K4_AND_OR_XNOR_NOT,FULL,21,26.702278
246,1728,OK,False,,40,K4_AND_OR_XNOR_NOT,FULL,22,25.938527
247,1728,OK,False,,40,K4_AND_OR_XNOR_NOT,FULL,23,25.903500
248,1728,OK,False,,40,K4_AND_OR_XNOR_NOT,FULL,24,23.602241
249,1728,OK,False,,40,K4_AND_OR_XNOR_NOT,FULL,25,26.585924
250,1728,OK,False,,40,K4_AND_OR_XNOR_NOT,FULL,26,25.209823
251,1728,OK,False,,40,K4_AND_OR_XNOR_NOT,FULL,27,24.080853
252,1728,OK,False,,40,K4_AND_OR_XNOR_NOT,FULL,28,26.456520
253,1728,OK,False,,40,K4_AND_OR_XNOR_NOT,FULL,29,25.264687
254,1728,OK,False,,40,K4_AND_OR_XNOR_NOT,FULL,30,24.297025
255,1728,OK,False,,40,K4_AND_OR_XNOR_NOT,FULL,31,26.751051
256,1728,OK,False,,40,K4_AND_OR_XNOR_NOT,FULL,32,27.219754
257,1728,OK,False,,40,K4_AND_OR_XNOR_NOT,FULL,33,22.962734
258,1728,OK,False,,40,K4_AND_OR_XNOR_NOT,FULL,34,25.978679
259,1728,OK,False,,40,K4_AND_OR_XNOR_NOT,FULL,35,27.080588
260,1728,OK,False,,40,K4_AND_OR_XNOR_NOT,FULL,36,25.667410
261,1728,OK,False,,40,K4_AND_OR_XNOR_NOT,FULL,37,25.249057
262,1728,OK,False,,40,K4_AND_OR_XNOR_NOT,FULL,38,27.300831
263,1728,OK,False,,40,K4_AND_OR_XNOR_NOT,FULL,39,26.250747
264,1728,OK,False,,40,K4_AND_OR_XNOR_NOT,FULL,40,26.506952
265,1728,OK,False,,40,K4_AND_OR_XNOR_NOT,FULL,41,24.746117
266,1728,OK,False,,40,K4_AND_OR_XNOR_NOT,FULL,42,27.363180
267,1728,OK,False,,40,K4_AND_OR_XNOR_NOT,FULL,43,25.496670
268,1728,OK,False,,40,K4_AND_OR_XNOR_NOT,FULL,44,25.620638
269,1728,OK,False,,40,K4_AND_OR_XNOR_NOT,FULL,45,23.757751
270,1728,OK,False,,40,K4_AND_OR_XNOR_NOT,FULL,46,25.866228
271,1728,OK,False,,40,K4_AND_NAND_NOR_XOR,FULL,20,28.649381
272,1728,OK,False,,40,K4_AND_NAND_NOR_XOR,FULL,21,23.762261
273,1728,OK,False,,40,K4_AND_NAND_NOR_XOR,FULL,22,25.910466
274,1728,OK,False,,40,K4_AND_NAND_NOR_XOR,FULL,23,26.367931
275,1728,OK,False,,40,K4_AND_NAND_NOR_XOR,FULL,24,22.541305
276,1728,OK,False,,40,K4_AND_NAND_NOR_XOR,FULL,25,24.666517
277,1728,OK,False,,40,K4_AND_NAND_NOR_XOR,FULL,26,27.705476
278,1728,OK,False,,40,K4_AND_NAND_NOR_XOR,FULL,27,27.216630
279,1728,OK,False,,40,K4_AND_NAND_NOR_XOR,FULL,28,24.119130
280,1728,OK,False,,40,K4_AND_NAND_NOR_XOR,FULL,29,25.418818
281,1728,OK,False,,40,K4_AND_NAND_NOR_XOR,FULL,30,25.309260
282,1728,OK,False,,40,K4_AND_NAND_NOR_XOR,FULL,31,23.630529
283,1728,OK,False,,40,K4_AND_NAND_NOR_XOR,FULL,32,28.040411
284,1728,OK,False,,40,K4_AND_NAND_NOR_XOR,FULL,33,25.162341
285,1728,OK,False,,40,K4_AND_NAND_NOR_XOR,FULL,34,24.340542
286,1728,OK,False,,40,K4_AND_NAND_NOR_XOR,FULL,35,26.717692
287,1728,OK,False,,40,K4_AND_NAND_NOR_XOR,FULL,36,24.788195
288,1728,OK,False,,40,K4_AND_NAND_NOR_XOR,FULL,37,24.892329
289,1728,OK,False,,40,K4_AND_NAND_NOR_XOR,FULL,38,26.558006
290,1728,OK,False,,40,K4_AND_NAND_NOR_XOR,FULL,39,25.705883
291,1728,OK,False,,40,K4_AND_NAND_NOR_XOR,FULL,40,26.149991
292,1728,OK,False,,40,K4_AND_NAND_NOR_XOR,FULL,41,24.116420
293,1728,OK,False,,40,K4_AND_NAND_NOR_XOR,FULL,42,26.781547
294,1728,OK,False,,40,K4_AND_NAND_NOR_XOR,FULL,43,26.960710
295,1728,OK,False,,40,K4_AND_NAND_NOR_XOR,FULL,44,23.360645
296,1728,OK,False,,40,K4_AND_NAND_NOR_XOR,FULL,45,26.164827
297,1728,OK,False,,40,K4_AND_NAND_NOR_XOR,FULL,46,24.526309
298,1728,OK,False,,40,K4_AND_NAND_NOR_XNOR,FULL,20,24.274582
299,1728,OK,False,,40,K4_AND_NAND_NOR_XNOR,FULL,21,25.801443
300,1728,OK,False,,40,K4_AND_NAND_NOR_XNOR,FULL,22,25.981752
301,1728,OK,False,,40,K4_AND_NAND_NOR_XNOR,FULL,23,27.433406
302,1728,OK,False,,40,K4_AND_NAND_NOR_XNOR,FULL,24,24.292049
303,1728,OK,False,,40,K4_AND_NAND_NOR_XNOR,FULL,25,26.613438
304,1728,OK,False,,40,K4_AND_NAND_NOR_XNOR,FULL,26,26.383524
305,1728,OK,False,,40,K4_AND_NAND_NOR_XNOR,FULL,27,24.617525
306,1728,OK,False,,40,K4_AND_NAND_NOR_XNOR,FULL,28,24.617727
307,1728,OK,False,,40,K4_AND_NAND_NOR_XNOR,FULL,29,26.435373
308,1728,OK,False,,40,K4_AND_NAND_NOR_XNOR,FULL,30,22.882073
309,1728,OK,False,,40,K4_AND_NAND_NOR_XNOR,FULL,31,26.461826
310,1728,OK,False,,40,K4_AND_NAND_NOR_XNOR,FULL,32,24.716005
311,1728,OK,False,,40,K4_AND_NAND_NOR_XNOR,FULL,33,22.883385
312,1728,OK,False,,40,K4_AND_NAND_NOR_XNOR,FULL,34,27.046612
313,1728,OK,False,,40,K4_AND_NAND_NOR_XNOR,FULL,35,25.564632
314,1728,OK,False,,40,K4_AND_NAND_NOR_XNOR,FULL,36,26.882265
315,1728,OK,False,,40,K4_AND_NAND_NOR_XNOR,FULL,37,23.520253
316,1728,OK,False,,40,K4_AND_NAND_NOR_XNOR,FULL,38,27.365607
317,1728,OK,False,,40,K4_AND_NAND_NOR_XNOR,FULL,39,25.863856
318,1728,OK,False,,40,K4_AND_NAND_NOR_XNOR,FULL,40,24.584820
319,1728,OK,False,,40,K4_AND_NAND_NOR_XNOR,FULL,41,25.087889
320,1728,OK,False,,40,K4_AND_NAND_NOR_XNOR,FULL,42,25.364614
321,1728,OK,False,,40,K4_AND_NAND_NOR_XNOR,FULL,43,28.907223
322,1728,OK,False,,40,K4_AND_NAND_NOR_XNOR,FULL,44,25.270048
323,1728,OK,False,,40,K4_AND_NAND_NOR_XNOR,FULL,45,28.906376
324,1728,OK,False,,40,K4_AND_NAND_NOR_XNOR,FULL,46,26.215424
325,1728,OK,False,,40,K4_AND_NAND_NOR_NOT,FULL,20,24.763158
326,1728,OK,False,,40,K4_AND_NAND_NOR_NOT,FULL,21,23.513751
327,1728,OK,False,,40,K4_AND_NAND_NOR_NOT,FULL,22,24.717035
328,1728,OK,False,,40,K4_AND_NAND_NOR_NOT,FULL,23,24.660975
329,1728,OK,False,,40,K4_AND_NAND_NOR_NOT,FULL,24,26.228613
330,1728,OK,False,,40,K4_AND_NAND_NOR_NOT,FULL,25,25.688678
331,1728,OK,False,,40,K4_AND_NAND_NOR_NOT,FULL,26,24.951464
332,1728,OK,False,,40,K4_AND_NAND_NOR_NOT,FULL,27,24.747946
333,1728,OK,False,,40,K4_AND_NAND_NOR_NOT,FULL,28,24.956407
334,1728,OK,False,,40,K4_AND_NAND_NOR_NOT,FULL,29,23.832530
335,1728,OK,False,,40,K4_AND_NAND_NOR_NOT,FULL,30,25.016913
336,1728,OK,False,,40,K4_AND_NAND_NOR_NOT,FULL,31,25.024637
337,1728,OK,False,,40,K4_AND_NAND_NOR_NOT,FULL,32,21.966914
338,1728,OK,False,,40,K4_AND_NAND_NOR_NOT,FULL,33,25.118453
339,1728,OK,False,,40,K4_AND_NAND_NOR_NOT,FULL,34,24.691106
340,1728,OK,False,,40,K4_AND_NAND_NOR_NOT,FULL,35,22.466878
341,1728,OK,False,,40,K4_AND_NAND_NOR_NOT,FULL,36,26.001833
342,1728,OK,False,,40,K4_AND_NAND_NOR_NOT,FULL,37,24.974026
343,1728,OK,False,,40,K4_AND_NAND_NOR_NOT,FULL,38,25.690855
344,1728,OK,False,,40,K4_AND_NAND_NOR_NOT,FULL,39,26.320576
345,1728,OK,False,,40,K4_AND_NAND_NOR_NOT,FULL,40,27.052598
346,1728,OK,False,,40,K4_AND_NAND_NOR_NOT,FULL,41,23.149764
347,1728,OK,False,,40,K4_AND_NAND_NOR_NOT,FULL,42,26.340886
348,1728,OK,False,,40,K4_AND_NAND_NOR_NOT,FULL,43,25.455772
349,1728,OK,False,,40,K4_AND_NAND_NOR_NOT,FULL,44,23.184032
350,1728,OK,False,,40,K4_AND_NAND_NOR_NOT,FULL,45,24.464210
351,1728,OK,False,,40,K4_AND_NAND_NOR_NOT,FULL,46,25.715175
352,1728,OK,False,,40,K4_AND_NAND_XOR_XNOR,FULL,20,22.416688
353,1728,OK,False,,40,K4_AND_NAND_XOR_XNOR,FULL,21,26.132014
354,1728,OK,False,,40,K4_AND_NAND_XOR_XNOR,FULL,22,27.062004
355,1728,OK,False,,40,K4_AND_NAND_XOR_XNOR,FULL,23,23.925951
356,1728,OK,False,,40,K4_AND_NAND_XOR_XNOR,FULL,24,27.423660
357,1728,OK,False,,40,K4_AND_NAND_XOR_XNOR,FULL,25,25.448423
358,1728,OK,False,,40,K4_AND_NAND_XOR_XNOR,FULL,26,26.358732
359,1728,OK,False,,40,K4_AND_NAND_XOR_XNOR,FULL,27,23.454797
360,1728,OK,False,,40,K4_AND_NAND_XOR_XNOR,FULL,28,26.209464
361,1728,OK,False,,40,K4_AND_NAND_XOR_XNOR,FULL,29,25.122456
362,1728,OK,False,,40,K4_AND_NAND_XOR_XNOR,FULL,30,25.909224
363,1728,OK,False,,40,K4_AND_NAND_XOR_XNOR,FULL,31,27.076226
364,1728,OK,False,,40,K4_AND_NAND_XOR_XNOR,FULL,32,26.170697
365,1728,OK,False,,40,K4_AND_NAND_XOR_XNOR,FULL,33,23.405732
366,1728,OK,False,,40,K4_AND_NAND_XOR_XNOR,FULL,34,27.852165
367,1728,OK,False,,40,K4_AND_NAND_XOR_XNOR,FULL,35,26.417868
368,1728,OK,False,,40,K4_AND_NAND_XOR_XNOR,FULL,36,25.744346
369,1728,OK,False,,40,K4_AND_NAND_XOR_XNOR,FULL,37,24.518166
370,1728,OK,False,,40,K4_AND_NAND_XOR_XNOR,FULL,38,26.193889
371,1728,OK,False,,40,K4_AND_NAND_XOR_XNOR,FULL,39,27.925160
372,1728,OK,False,,40,K4_AND_NAND_XOR_XNOR,FULL,40,24.971341
373,1728,OK,False,,40,K4_AND_NAND_XOR_XNOR,FULL,41,24.417181
374,1728,OK,False,,40,K4_AND_NAND_XOR_XNOR,FULL,42,26.429505
375,1728,OK,False,,40,K4_AND_NAND_XOR_XNOR,FULL,43,26.963854
376,1728,OK,False,,40,K4_AND_NAND_XOR_XNOR,FULL,44,27.093970
377,1728,OK,False,,40,K4_AND_NAND_XOR_XNOR,FULL,45,23.709855
378,1728,OK,False,,40,K4_AND_NAND_XOR_XNOR,FULL,46,25.563805
379,1728,OK,False,,40,K4_AND_NAND_XOR_NOT,FULL,20,23.691322
380,1728,OK,False,,40,K4_AND_NAND_XOR_NOT,FULL,21,24.933791
381,1728,OK,False,,40,K4_AND_NAND_XOR_NOT,FULL,22,24.641418
382,1728,OK,False,,40,K4_AND_NAND_XOR_NOT,FULL,23,22.364677
383,1728,OK,False,,40,K4_AND_NAND_XOR_NOT,FULL,24,24.275644
384,1728,OK,False,,40,K4_AND_NAND_XOR_NOT,FULL,25,27.017861
385,1728,OK,False,,40,K4_AND_NAND_XOR_NOT,FULL,26,23.987224
386,1728,OK,False,,40,K4_AND_NAND_XOR_NOT,FULL,27,25.891204
387,1728,OK,False,,40,K4_AND_NAND_XOR_NOT,FULL,28,26.319687
388,1728,OK,False,,40,K4_AND_NAND_XOR_NOT,FULL,29,25.316720
389,1728,OK,False,,40,K4_AND_NAND_XOR_NOT,FULL,30,24.984696
390,1728,OK,False,,40,K4_AND_NAND_XOR_NOT,FULL,31,27.658573
391,1728,OK,False,,40,K4_AND_NAND_XOR_NOT,FULL,32,24.064100
392,1728,OK,False,,40,K4_AND_NAND_XOR_NOT,FULL,33,25.383131
393,1728,OK,False,,40,K4_AND_NAND_XOR_NOT,FULL,34,25.991906
394,1728,OK,False,,40,K4_AND_NAND_XOR_NOT,FULL,35,26.069593
395,1728,OK,False,,40,K4_AND_NAND_XOR_NOT,FULL,36,23.117871
396,1728,OK,False,,40,K4_AND_NAND_XOR_NOT,FULL,37,25.431679
397,1728,OK,False,,40,K4_AND_NAND_XOR_NOT,FULL,38,25.320045
398,1728,OK,False,,40,K4_AND_NAND_XOR_NOT,FULL,39,23.927515
399,1728,OK,False,,40,K4_AND_NAND_XOR_NOT,FULL,40,25.620751
400,1728,OK,False,,40,K4_AND_NAND_XOR_NOT,FULL,41,26.067238
401,1728,OK,False,,40,K4_AND_NAND_XOR_NOT,FULL,42,23.199493
402,1728,OK,False,,40,K4_AND_NAND_XOR_NOT,FULL,43,26.710247
403,1728,OK,False,,40,K4_AND_NAND_XOR_NOT,FULL,44,24.285161
404,1728,OK,False,,40,K4_AND_NAND_XOR_NOT,FULL,45,23.372024
405,1728,OK,False,,40,K4_AND_NAND_XOR_NOT,FULL,46,26.070139
406,1728,OK,False,,40,K4_AND_NAND_XNOR_NOT,FULL,20,25.892788
407,1728,OK,False,,40,K4_AND_NAND_XNOR_NOT,FULL,21,23.896661
408,1728,OK,False,,40,K4_AND_NAND_XNOR_NOT,FULL,22,25.487472
409,1728,OK,False,,40,K4_AND_NAND_XNOR_NOT,FULL,23,26.363146
410,1728,OK,False,,40,K4_AND_NAND_XNOR_NOT,FULL,24,23.575447
411,1728,OK,False,,40,K4_AND_NAND_XNOR_NOT,FULL,25,28.374977
412,1728,OK,False,,40,K4_AND_NAND_XNOR_NOT,FULL,26,25.826040
413,1728,OK,False,,40,K4_AND_NAND_XNOR_NOT,FULL,27,23.124953
414,1728,OK,False,,40,K4_AND_NAND_XNOR_NOT,FULL,28,26.360326
415,1728,OK,False,,40,K4_AND_NAND_XNOR_NOT,FULL,29,26.357121
416,1728,OK,False,,40,K4_AND_NAND_XNOR_NOT,FULL,30,25.847567
417,1728,OK,False,,40,K4_AND_NAND_XNOR_NOT,FULL,31,22.787178
418,1728,OK,False,,40,K4_AND_NAND_XNOR_NOT,FULL,32,25.266284
419,1728,OK,False,,40,K4_AND_NAND_XNOR_NOT,FULL,33,23.424653
420,1728,OK,False,,40,K4_AND_NAND_XNOR_NOT,FULL,34,26.283658
421,1728,OK,False,,40,K4_AND_NAND_XNOR_NOT,FULL,35,24.800177
422,1728,OK,False,,40,K4_AND_NAND_XNOR_NOT,FULL,36,23.272129
423,1728,OK,False,,40,K4_AND_NAND_XNOR_NOT,FULL,37,27.303295
424,1728,OK,False,,40,K4_AND_NAND_XNOR_NOT,FULL,38,26.844361
425,1728,OK,False,,40,K4_AND_NAND_XNOR_NOT,FULL,39,27.226933
426,1728,OK,False,,40,K4_AND_NAND_XNOR_NOT,FULL,40,27.504364
427,1728,OK,False,,40,K4_AND_NAND_XNOR_NOT,FULL,41,23.805129
428,1728,OK,False,,40,K4_AND_NAND_XNOR_NOT,FULL,42,26.467426
429,1728,OK,False,,40,K4_AND_NAND_XNOR_NOT,FULL,43,26.762498
430,1728,OK,False,,40,K4_AND_NAND_XNOR_NOT,FULL,44,23.009108
431,1728,OK,False,,40,K4_AND_NAND_XNOR_NOT,FULL,45,26.408507
432,1728,OK,False,,40,K4_AND_NAND_XNOR_NOT,FULL,46,25.037692
433,1728,OK,False,,40,K4_AND_NOR_XOR_XNOR,FULL,20,22.956694
434,1728,OK,False,,40,K4_AND_NOR_XOR_XNOR,FULL,21,27.166074
435,1728,OK,False,,40,K4_AND_NOR_XOR_XNOR,FULL,22,28.304604
436,1728,OK,False,,40,K4_AND_NOR_XOR_XNOR,FULL,23,26.609410
437,1728,OK,False,,40,K4_AND_NOR_XOR_XNOR,FULL,24,24.896380
438,1728,OK,False,,40,K4_AND_NOR_XOR_XNOR,FULL,25,26.347546
439,1728,OK,False,,40,K4_AND_NOR_XOR_XNOR,FULL,26,26.090363
440,1728,OK,False,,40,K4_AND_NOR_XOR_XNOR,FULL,27,27.153074
441,1728,OK,False,,40,K4_AND_NOR_XOR_XNOR,FULL,28,22.895670
442,1728,OK,False,,40,K4_AND_NOR_XOR_XNOR,FULL,29,27.748132
443,1728,OK,False,,40,K4_AND_NOR_XOR_XNOR,FULL,30,27.699514
444,1728,OK,False,,40,K4_AND_NOR_XOR_XNOR,FULL,31,22.111455
445,1728,OK,False,,40,K4_AND_NOR_XOR_XNOR,FULL,32,25.911018
446,1728,OK,False,,40,K4_AND_NOR_XOR_XNOR,FULL,33,26.720230
447,1728,OK,False,,40,K4_AND_NOR_XOR_XNOR,FULL,34,26.752158
448,1728,OK,False,,40,K4_AND_NOR_XOR_XNOR,FULL,35,24.152246
449,1728,OK,False,,40,K4_AND_NOR_XOR_XNOR,FULL,36,25.134853
450,1728,OK,False,,40,K4_AND_NOR_XOR_XNOR,FULL,37,25.550109
451,1728,OK,False,,40,K4_AND_NOR_XOR_XNOR,FULL,38,26.134356
452,1728,OK,False,,40,K4_AND_NOR_XOR_XNOR,FULL,39,25.681754
453,1728,OK,False,,40,K4_AND_NOR_XOR_XNOR,FULL,40,26.755212
454,1728,OK,False,,40,K4_AND_NOR_XOR_XNOR,FULL,41,22.522002
455,1728,OK,False,,40,K4_AND_NOR_XOR_XNOR,FULL,42,26.387640
456,1728,OK,False,,40,K4_AND_NOR_XOR_XNOR,FULL,43,25.201017
457,1728,OK,False,,40,K4_AND_NOR_XOR_XNOR,FULL,44,25.111689
458,1728,OK,False,,40,K4_AND_NOR_XOR_XNOR,FULL,45,25.440493
459,1728,OK,False,,40,K4_AND_NOR_XOR_XNOR,FULL,46,28.518068
460,1728,OK,False,,40,K4_AND_NOR_XOR_NOT,FULL,20,26.231759
461,1728,OK,False,,40,K4_AND_NOR_XOR_NOT,FULL,21,22.138438
462,1728,OK,False,,40,K4_AND_NOR_XOR_NOT,FULL,22,25.570329
463,1728,OK,False,,40,K4_AND_NOR_XOR_NOT,FULL,23,26.079377
464,1728,OK,False,,40,K4_AND_NOR_XOR_NOT,FULL,24,24.176136
465,1728,OK,False,,40,K4_AND_NOR_XOR_NOT,FULL,25,26.717799
466,1728,OK,False,,40,K4_AND_NOR_XOR_NOT,FULL,26,27.124088
467,1728,OK,False,,40,K4_AND_NOR_XOR_NOT,FULL,27,26.687303
468,1728,OK,False,,40,K4_AND_NOR_XOR_NOT,FULL,28,23.842045
469,1728,OK,False,,40,K4_AND_NOR_XOR_NOT,FULL,29,26.038352
470,1728,OK,False,,40,K4_AND_NOR_XOR_NOT,FULL,30,24.160479
471,1728,OK,False,,40,K4_AND_NOR_XOR_NOT,FULL,31,23.765100
472,1728,OK,False,,40,K4_AND_NOR_XOR_NOT,FULL,32,26.264340
473,1728,OK,False,,40,K4_AND_NOR_XOR_NOT,FULL,33,24.635327
474,1728,OK,False,,40,K4_AND_NOR_XOR_NOT,FULL,34,25.029631
475,1728,OK,False,,40,K4_AND_NOR_XOR_NOT,FULL,35,24.573178
476,1728,OK,False,,40,K4_AND_NOR_XOR_NOT,FULL,36,26.776087
477,1728,OK,False,,40,K4_AND_NOR_XOR_NOT,FULL,37,23.189385
478,1728,OK,False,,40,K4_AND_NOR_XOR_NOT,FULL,38,25.709607
479,1728,OK,False,,40,K4_AND_NOR_XOR_NOT,FULL,39,21.926271
480,1728,OK,False,,40,K4_AND_NOR_XOR_NOT,FULL,40,23.767756
481,1728,OK,False,,40,K4_AND_NOR_XOR_NOT,FULL,41,23.969148
482,1728,OK,False,,40,K4_AND_NOR_XOR_NOT,FULL,42,23.963105
483,1728,OK,False,,40,K4_AND_NOR_XOR_NOT,FULL,43,23.758452
484,1728,OK,False,,40,K4_AND_NOR_XOR_NOT,FULL,44,24.244258
485,1728,OK,False,,40,K4_AND_NOR_XOR_NOT,FULL,45,25.883411
486,1728,OK,False,,40,K4_AND_NOR_XOR_NOT,FULL,46,28.083801
487,1728,OK,False,,40,K4_AND_NOR_XNOR_NOT,FULL,20,23.824403
488,1728,OK,False,,40,K4_AND_NOR_XNOR_NOT,FULL,21,22.901137
489,1728,OK,False,,40,K4_AND_NOR_XNOR_NOT,FULL,22,26.448176
490,1728,OK,False,,40,K4_AND_NOR_XNOR_NOT,FULL,23,25.446100
491,1728,OK,False,,40,K4_AND_NOR_XNOR_NOT,FULL,24,26.703873
492,1728,OK,False,,40,K4_AND_NOR_XNOR_NOT,FULL,25,27.911711
493,1728,OK,False,,40,K4_AND_NOR_XNOR_NOT,FULL,26,24.425494
494,1728,OK,False,,40,K4_AND_NOR_XNOR_NOT,FULL,27,23.400852
495,1728,OK,False,,40,K4_AND_NOR_XNOR_NOT,FULL,28,24.937717
496,1728,OK,False,,40,K4_AND_NOR_XNOR_NOT,FULL,29,25.122362
497,1728,OK,False,,40,K4_AND_NOR_XNOR_NOT,FULL,30,25.677633
498,1728,OK,False,,40,K4_AND_NOR_XNOR_NOT,FULL,31,26.506185
499,1728,OK,False,,40,K4_AND_NOR_XNOR_NOT,FULL,32,25.005349
500,1728,OK,False,,40,K4_AND_NOR_XNOR_NOT,FULL,33,23.541053
501,1728,OK,False,,40,K4_AND_NOR_XNOR_NOT,FULL,34,27.182559
502,1728,OK,False,,40,K4_AND_NOR_XNOR_NOT,FULL,35,24.733593
503,1728,OK,False,,40,K4_AND_NOR_XNOR_NOT,FULL,36,25.585603
504,1728,OK,False,,40,K4_AND_NOR_XNOR_NOT,FULL,37,23.506078
505,1728,OK,False,,40,K4_AND_NOR_XNOR_NOT,FULL,38,27.191481
506,1728,OK,False,,40,K4_AND_NOR_XNOR_NOT,FULL,39,24.738957
507,1728,OK,False,,40,K4_AND_NOR_XNOR_NOT,FULL,40,25.556711
508,1728,OK,False,,40,K4_AND_NOR_XNOR_NOT,FULL,41,26.889092
509,1728,OK,False,,40,K4_AND_NOR_XNOR_NOT,FULL,42,25.744912
510,1728,OK,False,,40,K4_AND_NOR_XNOR_NOT,FULL,43,22.924228
511,1728,OK,False,,40,K4_AND_NOR_XNOR_NOT,FULL,44,25.006207
512,1728,OK,False,,40,K4_AND_NOR_XNOR_NOT,FULL,45,23.840968
513,1728,OK,False,,40,K4_AND_NOR_XNOR_NOT,FULL,46,24.975046
514,1728,OK,False,,40,K4_AND_XOR_XNOR_NOT,FULL,20,27.281412
515,1728,OK,False,,40,K4_AND_XOR_XNOR_NOT,FULL,21,25.600332
516,1728,OK,False,,40,K4_AND_XOR_XNOR_NOT,FULL,22,23.013154
517,1728,OK,False,,40,K4_AND_XOR_XNOR_NOT,FULL,23,24.500343
518,1728,OK,False,,40,K4_AND_XOR_XNOR_NOT,FULL,24,22.003699
519,1728,OK,False,,40,K4_AND_XOR_XNOR_NOT,FULL,25,30.334695
520,1728,OK,False,,40,K4_AND_XOR_XNOR_NOT,FULL,26,34.510271
521,1728,OK,False,,40,K4_AND_XOR_XNOR_NOT,FULL,27,24.126666
522,1728,OK,False,,40,K4_AND_XOR_XNOR_NOT,FULL,28,26.767824
523,1728,OK,False,,40,K4_AND_XOR_XNOR_NOT,FULL,29,30.728870
524,1728,OK,False,,40,K4_AND_XOR_XNOR_NOT,FULL,30,31.147935
525,1728,OK,False,,40,K4_AND_XOR_XNOR_NOT,FULL,31,30.415045
526,1728,OK,False,,40,K4_AND_XOR_XNOR_NOT,FULL,32,30.311041
527,1728,OK,False,,40,K4_AND_XOR_XNOR_NOT,FULL,33,29.101703
528,1728,OK,False,,40,K4_AND_XOR_XNOR_NOT,FULL,34,30.537057
529,1728,OK,False,,40,K4_AND_XOR_XNOR_NOT,FULL,35,28.874420
530,1728,OK,False,,40,K4_AND_XOR_XNOR_NOT,FULL,36,29.243688
531,1728,OK,False,,40,K4_AND_XOR_XNOR_NOT,FULL,37,32.202089
532,1728,OK,False,,40,K4_AND_XOR_XNOR_NOT,FULL,38,30.834289
533,1728,OK,False,,40,K4_AND_XOR_XNOR_NOT,FULL,39,25.664050
534,1728,OK,False,,40,K4_AND_XOR_XNOR_NOT,FULL,40,24.554366
535,1728,OK,False,,40,K4_AND_XOR_XNOR_NOT,FULL,41,22.818784
536,1728,OK,False,,40,K4_AND_XOR_XNOR_NOT,FULL,42,25.260702
537,1728,OK,False,,40,K4_AND_XOR_XNOR_NOT,FULL,43,25.315364
538,1728,OK,False,,40,K4_AND_XOR_XNOR_NOT,FULL,44,24.114874
539,1728,OK,False,,40,K4_AND_XOR_XNOR_NOT,FULL,45,28.012202
540,1728,OK,False,,40,K4_AND_XOR_XNOR_NOT,FULL,46,27.586577
541,1728,OK,False,,40,K4_OR_NAND_NOR_XOR,FULL,20,23.367807
542,1728,OK,False,,40,K4_OR_NAND_NOR_XOR,FULL,21,25.531956
543,1728,OK,False,,40,K4_OR_NAND_NOR_XOR,FULL,22,25.219145
544,1728,OK,False,,40,K4_OR_NAND_NOR_XOR,FULL,23,23.563458
545,1728,OK,False,,40,K4_OR_NAND_NOR_XOR,FULL,24,25.254308
546,1728,OK,False,,40,K4_OR_NAND_NOR_XOR,FULL,25,25.757293
547,1728,OK,False,,40,K4_OR_NAND_NOR_XOR,FULL,26,23.371503
548,1728,OK,False,,40,K4_OR_NAND_NOR_XOR,FULL,27,27.150251
549,1728,OK,False,,40,K4_OR_NAND_NOR_XOR,FULL,28,26.368779
550,1728,OK,False,,40,K4_OR_NAND_NOR_XOR,FULL,29,25.483493
551,1728,OK,False,,40,K4_OR_NAND_NOR_XOR,FULL,30,25.924000
552,1728,OK,False,,40,K4_OR_NAND_NOR_XOR,FULL,31,28.011692
553,1728,OK,False,,40,K4_OR_NAND_NOR_XOR,FULL,32,27.314719
554,1728,OK,False,,40,K4_OR_NAND_NOR_XOR,FULL,33,26.431471
555,1728,OK,False,,40,K4_OR_NAND_NOR_XOR,FULL,34,23.571739
556,1728,OK,False,,40,K4_OR_NAND_NOR_XOR,FULL,35,25.094650
557,1728,OK,False,,40,K4_OR_NAND_NOR_XOR,FULL,36,26.852538
558,1728,OK,False,,40,K4_OR_NAND_NOR_XOR,FULL,37,22.526218
559,1728,OK,False,,40,K4_OR_NAND_NOR_XOR,FULL,38,26.150700
560,1728,OK,False,,40,K4_OR_NAND_NOR_XOR,FULL,39,26.186989
561,1728,OK,False,,40,K4_OR_NAND_NOR_XOR,FULL,40,24.494052
562,1728,OK,False,,40,K4_OR_NAND_NOR_XOR,FULL,41,26.083271
563,1728,OK,False,,40,K4_OR_NAND_NOR_XOR,FULL,42,25.999355
564,1728,OK,False,,40,K4_OR_NAND_NOR_XOR,FULL,43,24.486175
565,1728,OK,False,,40,K4_OR_NAND_NOR_XOR,FULL,44,26.697377
566,1728,OK,False,,40,K4_OR_NAND_NOR_XOR,FULL,45,26.248125
567,1728,OK,False,,40,K4_OR_NAND_NOR_XOR,FULL,46,26.397325
568,1728,OK,False,,40,K4_OR_NAND_NOR_XNOR,FULL,20,24.579180
569,1728,OK,False,,40,K4_OR_NAND_NOR_XNOR,FULL,21,27.640863
570,1728,OK,False,,40,K4_OR_NAND_NOR_XNOR,FULL,22,25.081995
571,1728,OK,False,,40,K4_OR_NAND_NOR_XNOR,FULL,23,25.781854
572,1728,OK,False,,40,K4_OR_NAND_NOR_XNOR,FULL,24,25.344508
573,1728,OK,False,,40,K4_OR_NAND_NOR_XNOR,FULL,25,26.254217
574,1728,OK,False,,40,K4_OR_NAND_NOR_XNOR,FULL,26,27.112693
575,1728,OK,False,,40,K4_OR_NAND_NOR_XNOR,FULL,27,26.662477
576,1728,OK,False,,40,K4_OR_NAND_NOR_XNOR,FULL,28,23.517358
577,1728,OK,False,,40,K4_OR_NAND_NOR_XNOR,FULL,29,24.851668
578,1728,OK,False,,40,K4_OR_NAND_NOR_XNOR,FULL,30,24.105070
579,1728,OK,False,,40,K4_OR_NAND_NOR_XNOR,FULL,31,24.509330
580,1728,OK,False,,40,K4_OR_NAND_NOR_XNOR,FULL,32,27.509185
581,1728,OK,False,,40,K4_OR_NAND_NOR_XNOR,FULL,33,21.728533
582,1728,OK,False,,40,K4_OR_NAND_NOR_XNOR,FULL,34,27.826204
583,1728,OK,False,,40,K4_OR_NAND_NOR_XNOR,FULL,35,26.317707
584,1728,OK,False,,40,K4_OR_NAND_NOR_XNOR,FULL,36,26.310988
585,1728,OK,False,,40,K4_OR_NAND_NOR_XNOR,FULL,37,23.476786
586,1728,OK,False,,40,K4_OR_NAND_NOR_XNOR,FULL,38,26.992446
587,1728,OK,False,,40,K4_OR_NAND_NOR_XNOR,FULL,39,24.987657
588,1728,OK,False,,40,K4_OR_NAND_NOR_XNOR,FULL,40,22.770281
589,1728,OK,False,,40,K4_OR_NAND_NOR_XNOR,FULL,41,27.322607
590,1728,OK,False,,40,K4_OR_NAND_NOR_XNOR,FULL,42,27.016261
591,1728,OK,False,,40,K4_OR_NAND_NOR_XNOR,FULL,43,26.423815
592,1728,OK,False,,40,K4_OR_NAND_NOR_XNOR,FULL,44,23.635260
593,1728,OK,False,,40,K4_OR_NAND_NOR_XNOR,FULL,45,25.808435
594,1728,OK,False,,40,K4_OR_NAND_NOR_XNOR,FULL,46,26.008398
595,1728,OK,False,,40,K4_OR_NAND_NOR_NOT,FULL,20,24.347130
596,1728,OK,False,,40,K4_OR_NAND_NOR_NOT,FULL,21,26.983511
597,1728,OK,False,,40,K4_OR_NAND_NOR_NOT,FULL,22,25.559946
598,1728,OK,False,,40,K4_OR_NAND_NOR_NOT,FULL,23,22.671993
599,1728,OK,False,,40,K4_OR_NAND_NOR_NOT,FULL,24,26.779232
600,1728,OK,False,,40,K4_OR_NAND_NOR_NOT,FULL,25,26.295890
601,1728,OK,False,,40,K4_OR_NAND_NOR_NOT,FULL,26,26.407323
602,1728,OK,False,,40,K4_OR_NAND_NOR_NOT,FULL,27,24.196701
603,1728,OK,False,,40,K4_OR_NAND_NOR_NOT,FULL,28,27.220169
604,1728,OK,False,,40,K4_OR_NAND_NOR_NOT,FULL,29,24.210500
605,1728,OK,False,,40,K4_OR_NAND_NOR_NOT,FULL,30,24.012901
606,1728,OK,False,,40,K4_OR_NAND_NOR_NOT,FULL,31,26.016990
607,1728,OK,False,,40,K4_OR_NAND_NOR_NOT,FULL,32,25.621635
608,1728,OK,False,,40,K4_OR_NAND_NOR_NOT,FULL,33,22.019314
609,1728,OK,False,,40,K4_OR_NAND_NOR_NOT,FULL,34,27.368698
610,1728,OK,False,,40,K4_OR_NAND_NOR_NOT,FULL,35,26.346634
611,1728,OK,False,,40,K4_OR_NAND_NOR_NOT,FULL,36,23.195519
612,1728,OK,False,,40,K4_OR_NAND_NOR_NOT,FULL,37,24.727266
613,1728,OK,False,,40,K4_OR_NAND_NOR_NOT,FULL,38,24.490106
614,1728,OK,False,,40,K4_OR_NAND_NOR_NOT,FULL,39,25.015075
615,1728,OK,False,,40,K4_OR_NAND_NOR_NOT,FULL,40,25.627910
616,1728,OK,False,,40,K4_OR_NAND_NOR_NOT,FULL,41,24.277636
617,1728,OK,False,,40,K4_OR_NAND_NOR_NOT,FULL,42,24.875988
618,1728,OK,False,,40,K4_OR_NAND_NOR_NOT,FULL,43,24.616078
619,1728,OK,False,,40,K4_OR_NAND_NOR_NOT,FULL,44,23.774485
620,1728,OK,False,,40,K4_OR_NAND_NOR_NOT,FULL,45,25.096872
621,1728,OK,False,,40,K4_OR_NAND_NOR_NOT,FULL,46,25.360895
622,1728,OK,False,,40,K4_OR_NAND_XOR_XNOR,FULL,20,26.450354
623,1728,OK,False,,40,K4_OR_NAND_XOR_XNOR,FULL,21,22.845733
624,1728,OK,False,,40,K4_OR_NAND_XOR_XNOR,FULL,22,25.334858
625,1728,OK,False,,40,K4_OR_NAND_XOR_XNOR,FULL,23,24.569204
626,1728,OK,False,,40,K4_OR_NAND_XOR_XNOR,FULL,24,26.310738
627,1728,OK,False,,40,K4_OR_NAND_XOR_XNOR,FULL,25,24.902355
628,1728,OK,False,,40,K4_OR_NAND_XOR_XNOR,FULL,26,27.943176
629,1728,OK,False,,40,K4_OR_NAND_XOR_XNOR,FULL,27,24.872732
630,1728,OK,False,,40,K4_OR_NAND_XOR_XNOR,FULL,28,25.169178
631,1728,OK,False,,40,K4_OR_NAND_XOR_XNOR,FULL,29,25.228799
632,1728,OK,False,,40,K4_OR_NAND_XOR_XNOR,FULL,30,24.537451
633,1728,OK,False,,40,K4_OR_NAND_XOR_XNOR,FULL,31,27.582883
634,1728,OK,False,,40,K4_OR_NAND_XOR_XNOR,FULL,32,26.930714
635,1728,OK,False,,40,K4_OR_NAND_XOR_XNOR,FULL,33,26.079451
636,1728,OK,False,,40,K4_OR_NAND_XOR_XNOR,FULL,34,24.245526
637,1728,OK,False,,40,K4_OR_NAND_XOR_XNOR,FULL,35,28.484302
638,1728,OK,False,,40,K4_OR_NAND_XOR_XNOR,FULL,36,26.052459
639,1728,OK,False,,40,K4_OR_NAND_XOR_XNOR,FULL,37,25.729338
640,1728,OK,False,,40,K4_OR_NAND_XOR_XNOR,FULL,38,24.027240
641,1728,OK,False,,40,K4_OR_NAND_XOR_XNOR,FULL,39,26.425623
642,1728,OK,False,,40,K4_OR_NAND_XOR_XNOR,FULL,40,26.352988
643,1728,OK,False,,40,K4_OR_NAND_XOR_XNOR,FULL,41,36.866920
644,1728,OK,False,,40,K4_OR_NAND_XOR_XNOR,FULL,42,30.285241
645,1728,OK,False,,40,K4_OR_NAND_XOR_XNOR,FULL,43,27.256074
646,1728,OK,False,,40,K4_OR_NAND_XOR_XNOR,FULL,44,26.272250
647,1728,OK,False,,40,K4_OR_NAND_XOR_XNOR,FULL,45,23.983787
648,1728,OK,False,,40,K4_OR_NAND_XOR_XNOR,FULL,46,27.637907
649,1728,OK,False,,40,K4_OR_NAND_XOR_NOT,FULL,20,25.947129
650,1728,OK,False,,40,K4_OR_NAND_XOR_NOT,FULL,21,24.634592
651,1728,OK,False,,40,K4_OR_NAND_XOR_NOT,FULL,22,23.852274
652,1728,OK,False,,40,K4_OR_NAND_XOR_NOT,FULL,23,26.183363
653,1728,OK,False,,40,K4_OR_NAND_XOR_NOT,FULL,24,26.080683
654,1728,OK,False,,40,K4_OR_NAND_XOR_NOT,FULL,25,23.022212
655,1728,OK,False,,40,K4_OR_NAND_XOR_NOT,FULL,26,26.921915
656,1728,OK,False,,40,K4_OR_NAND_XOR_NOT,FULL,27,23.613216
657,1728,OK,False,,40,K4_OR_NAND_XOR_NOT,FULL,28,23.977900
658,1728,OK,False,,40,K4_OR_NAND_XOR_NOT,FULL,29,28.257364
659,1728,OK,False,,40,K4_OR_NAND_XOR_NOT,FULL,30,25.371773
660,1728,OK,False,,40,K4_OR_NAND_XOR_NOT,FULL,31,24.642913
661,1728,OK,False,,40,K4_OR_NAND_XOR_NOT,FULL,32,26.961760
662,1728,OK,False,,40,K4_OR_NAND_XOR_NOT,FULL,33,25.583521
663,1728,OK,False,,40,K4_OR_NAND_XOR_NOT,FULL,34,25.643806
664,1728,OK,False,,40,K4_OR_NAND_XOR_NOT,FULL,35,22.256159
665,1728,OK,False,,40,K4_OR_NAND_XOR_NOT,FULL,36,24.848206
666,1728,OK,False,,40,K4_OR_NAND_XOR_NOT,FULL,37,23.577067
667,1728,OK,False,,40,K4_OR_NAND_XOR_NOT,FULL,38,26.392212
668,1728,OK,False,,40,K4_OR_NAND_XOR_NOT,FULL,39,25.884358
669,1728,OK,False,,40,K4_OR_NAND_XOR_NOT,FULL,40,23.577805
670,1728,OK,False,,40,K4_OR_NAND_XOR_NOT,FULL,41,26.936799
671,1728,OK,False,,40,K4_OR_NAND_XOR_NOT,FULL,42,26.209170
672,1728,OK,False,,40,K4_OR_NAND_XOR_NOT,FULL,43,22.854155
673,1728,OK,False,,40,K4_OR_NAND_XOR_NOT,FULL,44,25.072054
674,1728,OK,False,,40,K4_OR_NAND_XOR_NOT,FULL,45,26.272685
675,1728,OK,False,,40,K4_OR_NAND_XOR_NOT,FULL,46,22.142235
676,1728,OK,False,,40,K4_OR_NAND_XNOR_NOT,FULL,20,26.230334
677,1728,OK,False,,40,K4_OR_NAND_XNOR_NOT,FULL,21,25.163734
678,1728,OK,False,,40,K4_OR_NAND_XNOR_NOT,FULL,22,23.098604
679,1728,OK,False,,40,K4_OR_NAND_XNOR_NOT,FULL,23,26.546343
680,1728,OK,False,,40,K4_OR_NAND_XNOR_NOT,FULL,24,25.333013
681,1728,OK,False,,40,K4_OR_NAND_XNOR_NOT,FULL,25,23.921175
682,1728,OK,False,,40,K4_OR_NAND_XNOR_NOT,FULL,26,27.067389
683,1728,OK,False,,40,K4_OR_NAND_XNOR_NOT,FULL,27,27.430516
684,1728,OK,False,,40,K4_OR_NAND_XNOR_NOT,FULL,28,26.772246
685,1728,OK,False,,40,K4_OR_NAND_XNOR_NOT,FULL,29,23.463776
686,1728,OK,False,,40,K4_OR_NAND_XNOR_NOT,FULL,30,27.464280
687,1728,OK,False,,40,K4_OR_NAND_XNOR_NOT,FULL,31,26.554181
688,1728,OK,False,,40,K4_OR_NAND_XNOR_NOT,FULL,32,26.479845
689,1728,OK,False,,40,K4_OR_NAND_XNOR_NOT,FULL,33,23.502994
690,1728,OK,False,,40,K4_OR_NAND_XNOR_NOT,FULL,34,26.521784
691,1728,OK,False,,40,K4_OR_NAND_XNOR_NOT,FULL,35,22.879128
692,1728,OK,False,,40,K4_OR_NAND_XNOR_NOT,FULL,36,23.396836
693,1728,OK,False,,40,K4_OR_NAND_XNOR_NOT,FULL,37,24.434293
694,1728,OK,False,,40,K4_OR_NAND_XNOR_NOT,FULL,38,23.728241
695,1728,OK,False,,40,K4_OR_NAND_XNOR_NOT,FULL,39,26.996939
696,1728,OK,False,,40,K4_OR_NAND_XNOR_NOT,FULL,40,25.725261
697,1728,OK,False,,40,K4_OR_NAND_XNOR_NOT,FULL,41,23.058259
698,1728,OK,False,,40,K4_OR_NAND_XNOR_NOT,FULL,42,26.629185
699,1728,OK,False,,40,K4_OR_NAND_XNOR_NOT,FULL,43,25.764744
700,1728,OK,False,,40,K4_OR_NAND_XNOR_NOT,FULL,44,24.562446
701,1728,OK,False,,40,K4_OR_NAND_XNOR_NOT,FULL,45,26.569438
702,1728,OK,False,,40,K4_OR_NAND_XNOR_NOT,FULL,46,28.089187
703,1728,OK,False,,40,K4_OR_NOR_XOR_XNOR,FULL,20,25.619831
704,1728,OK,False,,40,K4_OR_NOR_XOR_XNOR,FULL,21,27.541651
705,1728,OK,False,,40,K4_OR_NOR_XOR_XNOR,FULL,22,25.951079
706,1728,OK,False,,40,K4_OR_NOR_XOR_XNOR,FULL,23,26.595374
707,1728,OK,False,,40,K4_OR_NOR_XOR_XNOR,FULL,24,27.164718
708,1728,OK,False,,40,K4_OR_NOR_XOR_XNOR,FULL,25,26.748775
709,1728,OK,False,,40,K4_OR_NOR_XOR_XNOR,FULL,26,23.628173
710,1728,OK,False,,40,K4_OR_NOR_XOR_XNOR,FULL,27,26.615702
711,1728,OK,False,,40,K4_OR_NOR_XOR_XNOR,FULL,28,26.458931
712,1728,OK,False,,40,K4_OR_NOR_XOR_XNOR,FULL,29,26.363647
713,1728,OK,False,,40,K4_OR_NOR_XOR_XNOR,FULL,30,23.436073
714,1728,OK,False,,40,K4_OR_NOR_XOR_XNOR,FULL,31,26.348911
715,1728,OK,False,,40,K4_OR_NOR_XOR_XNOR,FULL,32,26.870057
716,1728,OK,False,,40,K4_OR_NOR_XOR_XNOR,FULL,33,24.820031
717,1728,OK,False,,40,K4_OR_NOR_XOR_XNOR,FULL,34,26.732691
718,1728,OK,False,,40,K4_OR_NOR_XOR_XNOR,FULL,35,24.835566
719,1728,OK,False,,40,K4_OR_NOR_XOR_XNOR,FULL,36,26.506008
720,1728,OK,False,,40,K4_OR_NOR_XOR_XNOR,FULL,37,23.820774
721,1728,OK,False,,40,K4_OR_NOR_XOR_XNOR,FULL,38,25.970005
722,1728,OK,False,,40,K4_OR_NOR_XOR_XNOR,FULL,39,25.373597
723,1728,OK,False,,40,K4_OR_NOR_XOR_XNOR,FULL,40,24.932816
724,1728,OK,False,,40,K4_OR_NOR_XOR_XNOR,FULL,41,26.810249
725,1728,OK,False,,40,K4_OR_NOR_XOR_XNOR,FULL,42,28.153395
726,1728,OK,False,,40,K4_OR_NOR_XOR_XNOR,FULL,43,25.227202
727,1728,OK,False,,40,K4_OR_NOR_XOR_XNOR,FULL,44,25.002437
728,1728,OK,False,,40,K4_OR_NOR_XOR_XNOR,FULL,45,25.663689
729,1728,OK,False,,40,K4_OR_NOR_XOR_XNOR,FULL,46,25.682885
730,1728,OK,False,,40,K4_OR_NOR_XOR_NOT,FULL,20,22.983264
731,1728,OK,False,,40,K4_OR_NOR_XOR_NOT,FULL,21,27.424785
732,1728,OK,False,,40,K4_OR_NOR_XOR_NOT,FULL,22,25.162378
733,1728,OK,False,,40,K4_OR_NOR_XOR_NOT,FULL,23,23.826923
734,1728,OK,False,,40,K4_OR_NOR_XOR_NOT,FULL,24,26.134156
735,1728,OK,False,,40,K4_OR_NOR_XOR_NOT,FULL,25,26.174899
736,1728,OK,False,,40,K4_OR_NOR_XOR_NOT,FULL,26,23.688655
737,1728,OK,False,,40,K4_OR_NOR_XOR_NOT,FULL,27,25.017112
738,1728,OK,False,,40,K4_OR_NOR_XOR_NOT,FULL,28,25.432265
739,1728,OK,False,,40,K4_OR_NOR_XOR_NOT,FULL,29,23.166229
740,1728,OK,False,,40,K4_OR_NOR_XOR_NOT,FULL,30,24.369161
741,1728,OK,False,,40,K4_OR_NOR_XOR_NOT,FULL,31,26.662304
742,1728,OK,False,,40,K4_OR_NOR_XOR_NOT,FULL,32,22.778888
743,1728,OK,False,,40,K4_OR_NOR_XOR_NOT,FULL,33,25.958225
744,1728,OK,False,,40,K4_OR_NOR_XOR_NOT,FULL,34,23.216460
745,1728,OK,False,,40,K4_OR_NOR_XOR_NOT,FULL,35,23.697872
746,1728,OK,False,,40,K4_OR_NOR_XOR_NOT,FULL,36,25.466595
747,1728,OK,False,,40,K4_OR_NOR_XOR_NOT,FULL,37,24.417919
748,1728,OK,False,,40,K4_OR_NOR_XOR_NOT,FULL,38,26.157798
749,1728,OK,False,,40,K4_OR_NOR_XOR_NOT,FULL,39,26.201615
750,1728,OK,False,,40,K4_OR_NOR_XOR_NOT,FULL,40,22.490930
751,1728,OK,False,,40,K4_OR_NOR_XOR_NOT,FULL,41,25.656858
752,1728,OK,False,,40,K4_OR_NOR_XOR_NOT,FULL,42,25.811143
753,1728,OK,False,,40,K4_OR_NOR_XOR_NOT,FULL,43,23.614091
754,1728,OK,False,,40,K4_OR_NOR_XOR_NOT,FULL,44,26.622543
755,1728,OK,False,,40,K4_OR_NOR_XOR_NOT,FULL,45,26.217046
756,1728,OK,False,,40,K4_OR_NOR_XOR_NOT,FULL,46,26.702956
757,1728,OK,False,,40,K4_OR_NOR_XNOR_NOT,FULL,20,22.720916
758,1728,OK,False,,40,K4_OR_NOR_XNOR_NOT,FULL,21,24.965063
759,1728,OK,False,,40,K4_OR_NOR_XNOR_NOT,FULL,22,27.574467
760,1728,OK,False,,40,K4_OR_NOR_XNOR_NOT,FULL,23,23.241752
761,1728,OK,False,,40,K4_OR_NOR_XNOR_NOT,FULL,24,25.230325
762,1728,OK,False,,40,K4_OR_NOR_XNOR_NOT,FULL,25,25.265045
763,1728,OK,False,,40,K4_OR_NOR_XNOR_NOT,FULL,26,25.197231
764,1728,OK,False,,40,K4_OR_NOR_XNOR_NOT,FULL,27,26.941656
765,1728,OK,False,,40,K4_OR_NOR_XNOR_NOT,FULL,28,25.561629
766,1728,OK,False,,40,K4_OR_NOR_XNOR_NOT,FULL,29,24.214770
767,1728,OK,False,,40,K4_OR_NOR_XNOR_NOT,FULL,30,25.957952
768,1728,OK,False,,40,K4_OR_NOR_XNOR_NOT,FULL,31,25.993474
769,1728,OK,False,,40,K4_OR_NOR_XNOR_NOT,FULL,32,23.403831
770,1728,OK,False,,40,K4_OR_NOR_XNOR_NOT,FULL,33,26.885449
771,1728,OK,False,,40,K4_OR_NOR_XNOR_NOT,FULL,34,24.758439
772,1728,OK,False,,40,K4_OR_NOR_XNOR_NOT,FULL,35,23.473929
773,1728,OK,False,,40,K4_OR_NOR_XNOR_NOT,FULL,36,27.303789
774,1728,OK,False,,40,K4_OR_NOR_XNOR_NOT,FULL,37,25.412578
775,1728,OK,False,,40,K4_OR_NOR_XNOR_NOT,FULL,38,23.684353
776,1728,OK,False,,40,K4_OR_NOR_XNOR_NOT,FULL,39,25.440126
777,1728,OK,False,,40,K4_OR_NOR_XNOR_NOT,FULL,40,25.446609
778,1728,OK,False,,40,K4_OR_NOR_XNOR_NOT,FULL,41,23.155571
779,1728,OK,False,,40,K4_OR_NOR_XNOR_NOT,FULL,42,25.209128
780,1728,OK,False,,40,K4_OR_NOR_XNOR_NOT,FULL,43,26.643754
781,1728,OK,False,,40,K4_OR_NOR_XNOR_NOT,FULL,44,23.042806
782,1728,OK,False,,40,K4_OR_NOR_XNOR_NOT,FULL,45,24.638635
783,1728,OK,False,,40,K4_OR_NOR_XNOR_NOT,FULL,46,25.138067
784,1728,OK,False,,40,K4_OR_XOR_XNOR_NOT,FULL,20,23.159025
785,1728,OK,False,,40,K4_OR_XOR_XNOR_NOT,FULL,21,25.905025
786,1728,OK,False,,40,K4_OR_XOR_XNOR_NOT,FULL,22,24.351761
787,1728,OK,False,,40,K4_OR_XOR_XNOR_NOT,FULL,23,24.105166
788,1728,OK,False,,40,K4_OR_XOR_XNOR_NOT,FULL,24,25.213207
789,1728,OK,False,,40,K4_OR_XOR_XNOR_NOT,FULL,25,22.830479
790,1728,OK,False,,40,K4_OR_XOR_XNOR_NOT,FULL,26,27.424811
791,1728,OK,False,,40,K4_OR_XOR_XNOR_NOT,FULL,27,26.237641
792,1728,OK,False,,40,K4_OR_XOR_XNOR_NOT,FULL,28,25.550638
793,1728,OK,False,,40,K4_OR_XOR_XNOR_NOT,FULL,29,22.810865
794,1728,OK,False,,40,K4_OR_XOR_XNOR_NOT,FULL,30,26.037602
795,1728,OK,False,,40,K4_OR_XOR_XNOR_NOT,FULL,31,26.180729
796,1728,OK,False,,40,K4_OR_XOR_XNOR_NOT,FULL,32,23.371144
797,1728,OK,False,,40,K4_OR_XOR_XNOR_NOT,FULL,33,26.106437
798,1728,OK,False,,40,K4_OR_XOR_XNOR_NOT,FULL,34,21.904982
799,1728,OK,False,,40,K4_OR_XOR_XNOR_NOT,FULL,35,25.832919
800,1728,OK,False,,40,K4_OR_XOR_XNOR_NOT,FULL,36,24.008660
801,1728,OK,False,,40,K4_OR_XOR_XNOR_NOT,FULL,37,23.560002
802,1728,OK,False,,40,K4_OR_XOR_XNOR_NOT,FULL,38,25.078575
803,1728,OK,False,,40,K4_OR_XOR_XNOR_NOT,FULL,39,24.746097
804,1728,OK,False,,40,K4_OR_XOR_XNOR_NOT,FULL,40,23.450874
805,1728,OK,False,,40,K4_OR_XOR_XNOR_NOT,FULL,41,24.380794
806,1728,OK,False,,40,K4_OR_XOR_XNOR_NOT,FULL,42,22.632527
807,1728,OK,False,,40,K4_OR_XOR_XNOR_NOT,FULL,43,25.724703
808,1728,OK,False,,40,K4_OR_XOR_XNOR_NOT,FULL,44,26.294412
809,1728,OK,False,,40,K4_OR_XOR_XNOR_NOT,FULL,45,25.127173
810,1728,OK,False,,40,K4_OR_XOR_XNOR_NOT,FULL,46,24.471543
811,1728,OK,False,,40,K4_NAND_NOR_XOR_XNOR,FULL,20,26.605980
812,1728,OK,False,,40,K4_NAND_NOR_XOR_XNOR,FULL,21,24.586994
813,1728,OK,False,,40,K4_NAND_NOR_XOR_XNOR,FULL,22,24.650469
814,1728,OK,False,,40,K4_NAND_NOR_XOR_XNOR,FULL,23,25.100435
815,1728,OK,False,,40,K4_NAND_NOR_XOR_XNOR,FULL,24,25.013191
816,1728,OK,False,,40,K4_NAND_NOR_XOR_XNOR,FULL,25,27.107249
817,1728,OK,False,,40,K4_NAND_NOR_XOR_XNOR,FULL,26,26.574433
818,1728,OK,False,,40,K4_NAND_NOR_XOR_XNOR,FULL,27,26.709217
819,1728,OK,False,,40,K4_NAND_NOR_XOR_XNOR,FULL,28,22.863428
820,1728,OK,False,,40,K4_NAND_NOR_XOR_XNOR,FULL,29,24.966726
821,1728,OK,False,,40,K4_NAND_NOR_XOR_XNOR,FULL,30,27.013237
822,1728,OK,False,,40,K4_NAND_NOR_XOR_XNOR,FULL,31,26.630810
823,1728,OK,False,,40,K4_NAND_NOR_XOR_XNOR,FULL,32,23.876790
824,1728,OK,False,,40,K4_NAND_NOR_XOR_XNOR,FULL,33,29.793696
825,1728,OK,False,,40,K4_NAND_NOR_XOR_XNOR,FULL,34,26.692495
826,1728,OK,False,,40,K4_NAND_NOR_XOR_XNOR,FULL,35,25.595189
827,1728,OK,False,,40,K4_NAND_NOR_XOR_XNOR,FULL,36,23.616924
828,1728,OK,False,,40,K4_NAND_NOR_XOR_XNOR,FULL,37,27.140734
829,1728,OK,False,,40,K4_NAND_NOR_XOR_XNOR,FULL,38,25.532625
830,1728,OK,False,,40,K4_NAND_NOR_XOR_XNOR,FULL,39,23.528113
831,1728,OK,False,,40,K4_NAND_NOR_XOR_XNOR,FULL,40,27.496941
832,1728,OK,False,,40,K4_NAND_NOR_XOR_XNOR,FULL,41,26.455202
833,1728,OK,False,,40,K4_NAND_NOR_XOR_XNOR,FULL,42,26.291721
834,1728,OK,False,,40,K4_NAND_NOR_XOR_XNOR,FULL,43,25.132146
835,1728,OK,False,,40,K4_NAND_NOR_XOR_XNOR,FULL,44,26.277943
836,1728,OK,False,,40,K4_NAND_NOR_XOR_XNOR,FULL,45,28.186306
837,1728,OK,False,,40,K4_NAND_NOR_XOR_XNOR,FULL,46,26.930042
838,1728,OK,False,,40,K4_NAND_NOR_XOR_NOT,FULL,20,24.802638
839,1728,OK,False,,40,K4_NAND_NOR_XOR_NOT,FULL,21,25.597029
840,1728,OK,False,,40,K4_NAND_NOR_XOR_NOT,FULL,22,25.647334
841,1728,OK,False,,40,K4_NAND_NOR_XOR_NOT,FULL,23,24.400510
842,1728,OK,False,,40,K4_NAND_NOR_XOR_NOT,FULL,24,26.572383
843,1728,OK,False,,40,K4_NAND_NOR_XOR_NOT,FULL,25,26.207682
844,1728,OK,False,,40,K4_NAND_NOR_XOR_NOT,FULL,26,25.414272
845,1728,OK,False,,40,K4_NAND_NOR_XOR_NOT,FULL,27,23.430961
846,1728,OK,False,,40,K4_NAND_NOR_XOR_NOT,FULL,28,24.833283
847,1728,OK,False,,40,K4_NAND_NOR_XOR_NOT,FULL,29,22.730337
848,1728,OK,False,,40,K4_NAND_NOR_XOR_NOT,FULL,30,27.899520
849,1728,OK,False,,40,K4_NAND_NOR_XOR_NOT,FULL,31,26.279029
850,1728,OK,False,,40,K4_NAND_NOR_XOR_NOT,FULL,32,25.901028
851,1728,OK,False,,40,K4_NAND_NOR_XOR_NOT,FULL,33,24.873274
852,1728,OK,False,,40,K4_NAND_NOR_XOR_NOT,FULL,34,26.236348
853,1728,OK,False,,40,K4_NAND_NOR_XOR_NOT,FULL,35,25.120903
854,1728,OK,False,,40,K4_NAND_NOR_XOR_NOT,FULL,36,23.274757
855,1728,OK,False,,40,K4_NAND_NOR_XOR_NOT,FULL,37,25.399727
856,1728,OK,False,,40,K4_NAND_NOR_XOR_NOT,FULL,38,25.730332
857,1728,OK,False,,40,K4_NAND_NOR_XOR_NOT,FULL,39,22.446785
858,1728,OK,False,,40,K4_NAND_NOR_XOR_NOT,FULL,40,26.905468
859,1728,OK,False,,40,K4_NAND_NOR_XOR_NOT,FULL,41,26.151632
860,1728,OK,False,,40,K4_NAND_NOR_XOR_NOT,FULL,42,23.915053
861,1728,OK,False,,40,K4_NAND_NOR_XOR_NOT,FULL,43,24.970027
862,1728,OK,False,,40,K4_NAND_NOR_XOR_NOT,FULL,44,31.553270
863,1728,OK,False,,40,K4_NAND_NOR_XOR_NOT,FULL,45,27.060436
864,1728,OK,False,,40,K4_NAND_NOR_XOR_NOT,FULL,46,28.117133
865,1728,OK,False,,40,K4_NAND_NOR_XNOR_NOT,FULL,20,25.854329
866,1728,OK,False,,40,K4_NAND_NOR_XNOR_NOT,FULL,21,27.265218
867,1728,OK,False,,40,K4_NAND_NOR_XNOR_NOT,FULL,22,28.984090
868,1728,OK,False,,40,K4_NAND_NOR_XNOR_NOT,FULL,23,27.847751
869,1728,OK,False,,40,K4_NAND_NOR_XNOR_NOT,FULL,24,28.505444
870,1728,OK,False,,40,K4_NAND_NOR_XNOR_NOT,FULL,25,27.096986
871,1728,OK,False,,40,K4_NAND_NOR_XNOR_NOT,FULL,26,23.839775
872,1728,OK,False,,40,K4_NAND_NOR_XNOR_NOT,FULL,27,26.500915
873,1728,OK,False,,40,K4_NAND_NOR_XNOR_NOT,FULL,28,26.932689
874,1728,OK,False,,40,K4_NAND_NOR_XNOR_NOT,FULL,29,22.650124
875,1728,OK,False,,40,K4_NAND_NOR_XNOR_NOT,FULL,30,26.683520
876,1728,OK,False,,40,K4_NAND_NOR_XNOR_NOT,FULL,31,26.507989
877,1728,OK,False,,40,K4_NAND_NOR_XNOR_NOT,FULL,32,25.360607
878,1728,OK,False,,40,K4_NAND_NOR_XNOR_NOT,FULL,33,27.061720
879,1728,OK,False,,40,K4_NAND_NOR_XNOR_NOT,FULL,34,27.476864
880,1728,OK,False,,40,K4_NAND_NOR_XNOR_NOT,FULL,35,26.160902
881,1728,OK,False,,40,K4_NAND_NOR_XNOR_NOT,FULL,36,28.048701
882,1728,OK,False,,40,K4_NAND_NOR_XNOR_NOT,FULL,37,27.905654
883,1728,OK,False,,40,K4_NAND_NOR_XNOR_NOT,FULL,38,27.695331
884,1728,OK,False,,40,K4_NAND_NOR_XNOR_NOT,FULL,39,25.021382
885,1728,OK,False,,40,K4_NAND_NOR_XNOR_NOT,FULL,40,28.550505
886,1728,OK,False,,40,K4_NAND_NOR_XNOR_NOT,FULL,41,27.441303
887,1728,OK,False,,40,K4_NAND_NOR_XNOR_NOT,FULL,42,26.884172
888,1728,OK,False,,40,K4_NAND_NOR_XNOR_NOT,FULL,43,23.859045
889,1728,OK,False,,40,K4_NAND_NOR_XNOR_NOT,FULL,44,27.751390
890,1728,OK,False,,40,K4_NAND_NOR_XNOR_NOT,FULL,45,28.380064
891,1728,OK,False,,40,K4_NAND_NOR_XNOR_NOT,FULL,46,27.491376
892,1728,OK,False,,40,K4_NAND_XOR_XNOR_NOT,FULL,20,24.215226
893,1728,OK,False,,40,K4_NAND_XOR_XNOR_NOT,FULL,21,23.923199
894,1728,OK,False,,40,K4_NAND_XOR_XNOR_NOT,FULL,22,26.224235
895,1728,OK,False,,40,K4_NAND_XOR_XNOR_NOT,FULL,23,28.245901
896,1728,OK,False,,40,K4_NAND_XOR_XNOR_NOT,FULL,24,26.310491
897,1728,OK,False,,40,K4_NAND_XOR_XNOR_NOT,FULL,25,24.765174
898,1728,OK,False,,40,K4_NAND_XOR_XNOR_NOT,FULL,26,26.111656
899,1728,OK,False,,40,K4_NAND_XOR_XNOR_NOT,FULL,27,26.638413
900,1728,OK,False,,40,K4_NAND_XOR_XNOR_NOT,FULL,28,24.561465
901,1728,OK,False,,40,K4_NAND_XOR_XNOR_NOT,FULL,29,26.515535
902,1728,OK,False,,40,K4_NAND_XOR_XNOR_NOT,FULL,30,24.654232
903,1728,OK,False,,40,K4_NAND_XOR_XNOR_NOT,FULL,31,23.871037
904,1728,OK,False,,40,K4_NAND_XOR_XNOR_NOT,FULL,32,26.337724
905,1728,OK,False,,40,K4_NAND_XOR_XNOR_NOT,FULL,33,26.391091
906,1728,OK,False,,40,K4_NAND_XOR_XNOR_NOT,FULL,34,24.062605
907,1728,OK,False,,40,K4_NAND_XOR_XNOR_NOT,FULL,35,26.128519
908,1728,OK,False,,40,K4_NAND_XOR_XNOR_NOT,FULL,36,28.002695
909,1728,OK,False,,40,K4_NAND_XOR_XNOR_NOT,FULL,37,28.281571
910,1728,OK,False,,40,K4_NAND_XOR_XNOR_NOT,FULL,38,22.964380
911,1728,OK,False,,40,K4_NAND_XOR_XNOR_NOT,FULL,39,25.815398
912,1728,OK,False,,40,K4_NAND_XOR_XNOR_NOT,FULL,40,26.051285
913,1728,OK,False,,40,K4_NAND_XOR_XNOR_NOT,FULL,41,23.066572
914,1728,OK,False,,40,K4_NAND_XOR_XNOR_NOT,FULL,42,33.214352
915,1728,OK,False,,40,K4_NAND_XOR_XNOR_NOT,FULL,43,26.177453
916,1728,OK,False,,40,K4_NAND_XOR_XNOR_NOT,FULL,44,30.427736
917,1728,OK,False,,40,K4_NAND_XOR_XNOR_NOT,FULL,45,30.599610
918,1728,OK,False,,40,K4_NAND_XOR_XNOR_NOT,FULL,46,28.338055
919,1728,OK,False,,40,K4_NOR_XOR_XNOR_NOT,FULL,20,26.444325
920,1728,OK,False,,40,K4_NOR_XOR_XNOR_NOT,FULL,21,25.476718
921,1728,OK,False,,40,K4_NOR_XOR_XNOR_NOT,FULL,22,25.337231
922,1728,OK,False,,40,K4_NOR_XOR_XNOR_NOT,FULL,23,27.976132
923,1728,OK,False,,40,K4_NOR_XOR_XNOR_NOT,FULL,24,26.006390
924,1728,OK,False,,40,K4_NOR_XOR_XNOR_NOT,FULL,25,27.943893
925,1728,OK,False,,40,K4_NOR_XOR_XNOR_NOT,FULL,26,25.045580
926,1728,OK,False,,40,K4_NOR_XOR_XNOR_NOT,FULL,27,26.265366
927,1728,OK,False,,40,K4_NOR_XOR_XNOR_NOT,FULL,28,26.640592
928,1728,OK,False,,40,K4_NOR_XOR_XNOR_NOT,FULL,29,26.900193
929,1728,OK,False,,40,K4_NOR_XOR_XNOR_NOT,FULL,30,23.090003
930,1728,OK,False,,40,K4_NOR_XOR_XNOR_NOT,FULL,31,26.018269
931,1728,OK,False,,40,K4_NOR_XOR_XNOR_NOT,FULL,32,27.165034
932,1728,OK,False,,40,K4_NOR_XOR_XNOR_NOT,FULL,33,27.281752
933,1728,OK,False,,40,K4_NOR_XOR_XNOR_NOT,FULL,34,24.162027
934,1728,OK,False,,40,K4_NOR_XOR_XNOR_NOT,FULL,35,27.095821
935,1728,OK,False,,40,K4_NOR_XOR_XNOR_NOT,FULL,36,26.803443
936,1728,OK,False,,40,K4_NOR_XOR_XNOR_NOT,FULL,37,26.780376
937,1728,OK,False,,40,K4_NOR_XOR_XNOR_NOT,FULL,38,25.939216
938,1728,OK,False,,40,K4_NOR_XOR_XNOR_NOT,FULL,39,34.483192
939,1728,OK,False,,40,K4_NOR_XOR_XNOR_NOT,FULL,40,32.752275
940,1728,OK,False,,40,K4_NOR_XOR_XNOR_NOT,FULL,41,31.601156
941,1728,OK,False,,40,K4_NOR_XOR_XNOR_NOT,FULL,42,30.085253
942,1728,OK,False,,40,K4_NOR_XOR_XNOR_NOT,FULL,43,30.959090
943,1728,OK,False,,40,K4_NOR_XOR_XNOR_NOT,FULL,44,29.977500
944,1728,OK,False,,40,K4_NOR_XOR_XNOR_NOT,FULL,45,29.225266
945,1728,OK,False,,40,K4_NOR_XOR_XNOR_NOT,FULL,46,31.706781
946,1728,OK,False,,40,K5_AND_OR_NAND_NOR_XOR,FULL,20,31.276598
947,1728,OK,False,,40,K5_AND_OR_NAND_NOR_XOR,FULL,21,30.425548
948,1728,OK,False,,40,K5_AND_OR_NAND_NOR_XOR,FULL,22,28.049046
949,1728,OK,False,,40,K5_AND_OR_NAND_NOR_XOR,FULL,23,26.766795
950,1728,OK,False,,40,K5_AND_OR_NAND_NOR_XOR,FULL,24,25.577134
951,1728,OK,False,,40,K5_AND_OR_NAND_NOR_XOR,FULL,25,23.680933
952,1728,OK,False,,40,K5_AND_OR_NAND_NOR_XOR,FULL,26,27.767875
953,1728,OK,False,,40,K5_AND_OR_NAND_NOR_XOR,FULL,27,27.082140
954,1728,OK,False,,40,K5_AND_OR_NAND_NOR_XOR,FULL,28,24.313834
955,1728,OK,False,,40,K5_AND_OR_NAND_NOR_XOR,FULL,29,27.304104
956,1728,OK,False,,40,K5_AND_OR_NAND_NOR_XOR,FULL,30,25.533126
957,1728,OK,False,,40,K5_AND_OR_NAND_NOR_XOR,FULL,31,26.506208
958,1728,OK,False,,40,K5_AND_OR_NAND_NOR_XOR,FULL,32,25.110862
959,1728,OK,False,,40,K5_AND_OR_NAND_NOR_XOR,FULL,33,27.305122
960,1728,OK,False,,40,K5_AND_OR_NAND_NOR_XOR,FULL,34,27.551311
961,1728,OK,False,,40,K5_AND_OR_NAND_NOR_XOR,FULL,35,26.857706
962,1728,OK,False,,40,K5_AND_OR_NAND_NOR_XOR,FULL,36,24.769219
963,1728,OK,False,,40,K5_AND_OR_NAND_NOR_XOR,FULL,37,25.546995
964,1728,OK,False,,40,K5_AND_OR_NAND_NOR_XOR,FULL,38,25.633257
965,1728,OK,False,,40,K5_AND_OR_NAND_NOR_XOR,FULL,39,27.030986
966,1728,OK,False,,40,K5_AND_OR_NAND_NOR_XOR,FULL,40,24.524575
967,1728,OK,False,,40,K5_AND_OR_NAND_NOR_XOR,FULL,41,27.200044
968,1728,OK,False,,40,K5_AND_OR_NAND_NOR_XOR,FULL,42,26.614396
969,1728,OK,False,,40,K5_AND_OR_NAND_NOR_XOR,FULL,43,27.351229
970,1728,OK,False,,40,K5_AND_OR_NAND_NOR_XOR,FULL,44,23.980849
971,1728,OK,False,,40,K5_AND_OR_NAND_NOR_XOR,FULL,45,26.636933
972,1728,OK,False,,40,K5_AND_OR_NAND_NOR_XOR,FULL,46,31.438186
973,1728,OK,False,,40,K5_AND_OR_NAND_NOR_XNOR,FULL,20,27.162624
974,1728,OK,False,,40,K5_AND_OR_NAND_NOR_XNOR,FULL,21,27.245284
975,1728,OK,False,,40,K5_AND_OR_NAND_NOR_XNOR,FULL,22,24.561878
976,1728,OK,False,,40,K5_AND_OR_NAND_NOR_XNOR,FULL,23,26.685743
977,1728,OK,False,,40,K5_AND_OR_NAND_NOR_XNOR,FULL,24,27.585637
978,1728,OK,False,,40,K5_AND_OR_NAND_NOR_XNOR,FULL,25,27.147794
979,1728,OK,False,,40,K5_AND_OR_NAND_NOR_XNOR,FULL,26,23.368561
980,1728,OK,False,,40,K5_AND_OR_NAND_NOR_XNOR,FULL,27,26.861291
981,1728,OK,False,,40,K5_AND_OR_NAND_NOR_XNOR,FULL,28,26.084141
982,1728,OK,False,,40,K5_AND_OR_NAND_NOR_XNOR,FULL,29,26.057910
983,1728,OK,False,,40,K5_AND_OR_NAND_NOR_XNOR,FULL,30,25.616818
984,1728,OK,False,,40,K5_AND_OR_NAND_NOR_XNOR,FULL,31,28.060543
985,1728,OK,False,,40,K5_AND_OR_NAND_NOR_XNOR,FULL,32,30.605115
986,1728,OK,False,,40,K5_AND_OR_NAND_NOR_XNOR,FULL,33,29.266334
987,1728,OK,False,,40,K5_AND_OR_NAND_NOR_XNOR,FULL,34,27.668540
988,1728,OK,False,,40,K5_AND_OR_NAND_NOR_XNOR,FULL,35,28.431701
989,1728,OK,False,,40,K5_AND_OR_NAND_NOR_XNOR,FULL,36,27.040103
990,1728,OK,False,,40,K5_AND_OR_NAND_NOR_XNOR,FULL,37,24.870747
991,1728,OK,False,,40,K5_AND_OR_NAND_NOR_XNOR,FULL,38,26.786818
992,1728,OK,False,,40,K5_AND_OR_NAND_NOR_XNOR,FULL,39,28.403031
993,1728,OK,False,,40,K5_AND_OR_NAND_NOR_XNOR,FULL,40,28.262612
994,1728,OK,False,,40,K5_AND_OR_NAND_NOR_XNOR,FULL,41,27.899689
995,1728,OK,False,,40,K5_AND_OR_NAND_NOR_XNOR,FULL,42,23.887982
996,1728,OK,False,,40,K5_AND_OR_NAND_NOR_XNOR,FULL,43,26.370147
997,1728,OK,False,,40,K5_AND_OR_NAND_NOR_XNOR,FULL,44,28.507401
998,1728,OK,False,,40,K5_AND_OR_NAND_NOR_XNOR,FULL,45,26.449437
999,1728,OK,False,,40,K5_AND_OR_NAND_NOR_XNOR,FULL,46,25.587600
1000,1728,OK,False,,40,K5_AND_OR_NAND_NOR_NOT,FULL,20,26.553560
1001,1728,OK,False,,40,K5_AND_OR_NAND_NOR_NOT,FULL,21,26.020878
1002,1728,OK,False,,40,K5_AND_OR_NAND_NOR_NOT,FULL,22,27.705387
1003,1728,OK,False,,40,K5_AND_OR_NAND_NOR_NOT,FULL,23,27.955502
1004,1728,OK,False,,40,K5_AND_OR_NAND_NOR_NOT,FULL,24,25.639082
1005,1728,OK,False,,40,K5_AND_OR_NAND_NOR_NOT,FULL,25,27.142073
1006,1728,OK,False,,40,K5_AND_OR_NAND_NOR_NOT,FULL,26,28.202286
1007,1728,OK,False,,40,K5_AND_OR_NAND_NOR_NOT,FULL,27,28.083995
1008,1728,OK,False,,40,K5_AND_OR_NAND_NOR_NOT,FULL,28,26.069618
1009,1728,OK,False,,40,K5_AND_OR_NAND_NOR_NOT,FULL,29,25.476000
1010,1728,OK,False,,40,K5_AND_OR_NAND_NOR_NOT,FULL,30,26.134570
1011,1728,OK,False,,40,K5_AND_OR_NAND_NOR_NOT,FULL,31,25.581622
1012,1728,OK,False,,40,K5_AND_OR_NAND_NOR_NOT,FULL,32,25.454958
1013,1728,OK,False,,40,K5_AND_OR_NAND_NOR_NOT,FULL,33,26.091050
1014,1728,OK,False,,40,K5_AND_OR_NAND_NOR_NOT,FULL,34,26.089066
1015,1728,OK,False,,40,K5_AND_OR_NAND_NOR_NOT,FULL,35,25.477153
1016,1728,OK,False,,40,K5_AND_OR_NAND_NOR_NOT,FULL,36,24.369449
1017,1728,OK,False,,40,K5_AND_OR_NAND_NOR_NOT,FULL,37,27.055242
1018,1728,OK,False,,40,K5_AND_OR_NAND_NOR_NOT,FULL,38,27.826999
1019,1728,OK,False,,40,K5_AND_OR_NAND_NOR_NOT,FULL,39,27.051393
1020,1728,OK,False,,40,K5_AND_OR_NAND_NOR_NOT,FULL,40,24.993302
1021,1728,OK,False,,40,K5_AND_OR_NAND_NOR_NOT,FULL,41,26.698865
1022,1728,OK,False,,40,K5_AND_OR_NAND_NOR_NOT,FULL,42,26.278772
1023,1728,OK,False,,40,K5_AND_OR_NAND_NOR_NOT,FULL,43,29.600761
1024,1728,OK,False,,40,K5_AND_OR_NAND_NOR_NOT,FULL,44,26.391190
1025,1728,OK,False,,40,K5_AND_OR_NAND_NOR_NOT,FULL,45,24.085750
1026,1728,OK,False,,40,K5_AND_OR_NAND_NOR_NOT,FULL,46,25.977964
1027,1728,OK,False,,40,K5_AND_OR_NAND_XOR_XNOR,FULL,20,25.094233
1028,1728,OK,False,,40,K5_AND_OR_NAND_XOR_XNOR,FULL,21,25.301858
1029,1728,OK,False,,40,K5_AND_OR_NAND_XOR_XNOR,FULL,22,27.871631
1030,1728,OK,False,,40,K5_AND_OR_NAND_XOR_XNOR,FULL,23,26.747198
1031,1728,OK,False,,40,K5_AND_OR_NAND_XOR_XNOR,FULL,24,27.303775
1032,1728,OK,False,,40,K5_AND_OR_NAND_XOR_XNOR,FULL,25,29.123802
1033,1728,OK,False,,40,K5_AND_OR_NAND_XOR_XNOR,FULL,26,24.595169
1034,1728,OK,False,,40,K5_AND_OR_NAND_XOR_XNOR,FULL,27,26.997356
1035,1728,OK,False,,40,K5_AND_OR_NAND_XOR_XNOR,FULL,28,30.543816
1036,1728,OK,False,,40,K5_AND_OR_NAND_XOR_XNOR,FULL,29,28.396721
1037,1728,OK,False,,40,K5_AND_OR_NAND_XOR_XNOR,FULL,30,29.301463
1038,1728,OK,False,,40,K5_AND_OR_NAND_XOR_XNOR,FULL,31,27.814490
1039,1728,OK,False,,40,K5_AND_OR_NAND_XOR_XNOR,FULL,32,27.630293
1040,1728,OK,False,,40,K5_AND_OR_NAND_XOR_XNOR,FULL,33,26.314525
1041,1728,OK,False,,40,K5_AND_OR_NAND_XOR_XNOR,FULL,34,25.902844
1042,1728,OK,False,,40,K5_AND_OR_NAND_XOR_XNOR,FULL,35,29.348167
1043,1728,OK,False,,40,K5_AND_OR_NAND_XOR_XNOR,FULL,36,27.425071
1044,1728,OK,False,,40,K5_AND_OR_NAND_XOR_XNOR,FULL,37,26.274878
1045,1728,OK,False,,40,K5_AND_OR_NAND_XOR_XNOR,FULL,38,25.431328
1046,1728,OK,False,,40,K5_AND_OR_NAND_XOR_XNOR,FULL,39,27.633727
1047,1728,OK,False,,40,K5_AND_OR_NAND_XOR_XNOR,FULL,40,27.491312
1048,1728,OK,False,,40,K5_AND_OR_NAND_XOR_XNOR,FULL,41,27.219825
1049,1728,OK,False,,40,K5_AND_OR_NAND_XOR_XNOR,FULL,42,28.238473
1050,1728,OK,False,,40,K5_AND_OR_NAND_XOR_XNOR,FULL,43,24.391630
1051,1728,OK,False,,40,K5_AND_OR_NAND_XOR_XNOR,FULL,44,27.126918
1052,1728,OK,False,,40,K5_AND_OR_NAND_XOR_XNOR,FULL,45,27.979961
1053,1728,OK,False,,40,K5_AND_OR_NAND_XOR_XNOR,FULL,46,26.651023
1054,1728,OK,False,,40,K5_AND_OR_NAND_XOR_NOT,FULL,20,28.849318
1055,1728,OK,False,,40,K5_AND_OR_NAND_XOR_NOT,FULL,21,25.667065
1056,1728,OK,False,,40,K5_AND_OR_NAND_XOR_NOT,FULL,22,28.201031
1057,1728,OK,False,,40,K5_AND_OR_NAND_XOR_NOT,FULL,23,25.773649
1058,1728,OK,False,,40,K5_AND_OR_NAND_XOR_NOT,FULL,24,26.235782
1059,1728,OK,False,,40,K5_AND_OR_NAND_XOR_NOT,FULL,25,26.033998
1060,1728,OK,False,,40,K5_AND_OR_NAND_XOR_NOT,FULL,26,26.195289
1061,1728,OK,False,,40,K5_AND_OR_NAND_XOR_NOT,FULL,27,27.356075
1062,1728,OK,False,,40,K5_AND_OR_NAND_XOR_NOT,FULL,28,28.354028
1063,1728,OK,False,,40,K5_AND_OR_NAND_XOR_NOT,FULL,29,28.213920
1064,1728,OK,False,,40,K5_AND_OR_NAND_XOR_NOT,FULL,30,27.256333
1065,1728,OK,False,,40,K5_AND_OR_NAND_XOR_NOT,FULL,31,24.763589
1066,1728,OK,False,,40,K5_AND_OR_NAND_XOR_NOT,FULL,32,25.817722
1067,1728,OK,False,,40,K5_AND_OR_NAND_XOR_NOT,FULL,33,28.648387
1068,1728,OK,False,,40,K5_AND_OR_NAND_XOR_NOT,FULL,34,27.282337
1069,1728,OK,False,,40,K5_AND_OR_NAND_XOR_NOT,FULL,35,23.086482
1070,1728,OK,False,,40,K5_AND_OR_NAND_XOR_NOT,FULL,36,27.408213
1071,1728,OK,False,,40,K5_AND_OR_NAND_XOR_NOT,FULL,37,25.708847
1072,1728,OK,False,,40,K5_AND_OR_NAND_XOR_NOT,FULL,38,28.435205
1073,1728,OK,False,,40,K5_AND_OR_NAND_XOR_NOT,FULL,39,25.702375
1074,1728,OK,False,,40,K5_AND_OR_NAND_XOR_NOT,FULL,40,27.120327
1075,1728,OK,False,,40,K5_AND_OR_NAND_XOR_NOT,FULL,41,27.335302
1076,1728,OK,False,,40,K5_AND_OR_NAND_XOR_NOT,FULL,42,25.817678
1077,1728,OK,False,,40,K5_AND_OR_NAND_XOR_NOT,FULL,43,28.598093
1078,1728,OK,False,,40,K5_AND_OR_NAND_XOR_NOT,FULL,44,24.006235
1079,1728,OK,False,,40,K5_AND_OR_NAND_XOR_NOT,FULL,45,25.124809
1080,1728,OK,False,,40,K5_AND_OR_NAND_XOR_NOT,FULL,46,25.458124
1081,1728,OK,False,,40,K5_AND_OR_NAND_XNOR_NOT,FULL,20,25.261115
1082,1728,OK,False,,40,K5_AND_OR_NAND_XNOR_NOT,FULL,21,26.736075
1083,1728,OK,False,,40,K5_AND_OR_NAND_XNOR_NOT,FULL,22,26.551025
1084,1728,OK,False,,40,K5_AND_OR_NAND_XNOR_NOT,FULL,23,27.657766
1085,1728,OK,False,,40,K5_AND_OR_NAND_XNOR_NOT,FULL,24,23.101541
1086,1728,OK,False,,40,K5_AND_OR_NAND_XNOR_NOT,FULL,25,29.039135
1087,1728,OK,False,,40,K5_AND_OR_NAND_XNOR_NOT,FULL,26,26.895371
1088,1728,OK,False,,40,K5_AND_OR_NAND_XNOR_NOT,FULL,27,27.185039
1089,1728,OK,False,,40,K5_AND_OR_NAND_XNOR_NOT,FULL,28,25.517846
1090,1728,OK,False,,40,K5_AND_OR_NAND_XNOR_NOT,FULL,29,27.131251
1091,1728,OK,False,,40,K5_AND_OR_NAND_XNOR_NOT,FULL,30,26.540236
1092,1728,OK,False,,40,K5_AND_OR_NAND_XNOR_NOT,FULL,31,27.383807
1093,1728,OK,False,,40,K5_AND_OR_NAND_XNOR_NOT,FULL,32,24.227939
1094,1728,OK,False,,40,K5_AND_OR_NAND_XNOR_NOT,FULL,33,27.489322
1095,1728,OK,False,,40,K5_AND_OR_NAND_XNOR_NOT,FULL,34,27.304053
1096,1728,OK,False,,40,K5_AND_OR_NAND_XNOR_NOT,FULL,35,28.521099
1097,1728,OK,False,,40,K5_AND_OR_NAND_XNOR_NOT,FULL,36,26.756915
1098,1728,OK,False,,40,K5_AND_OR_NAND_XNOR_NOT,FULL,37,27.737133
1099,1728,OK,False,,40,K5_AND_OR_NAND_XNOR_NOT,FULL,38,24.266029
1100,1728,OK,False,,40,K5_AND_OR_NAND_XNOR_NOT,FULL,39,26.058220
1101,1728,OK,False,,40,K5_AND_OR_NAND_XNOR_NOT,FULL,40,26.083661
1102,1728,OK,False,,40,K5_AND_OR_NAND_XNOR_NOT,FULL,41,24.547041
1103,1728,OK,False,,40,K5_AND_OR_NAND_XNOR_NOT,FULL,42,26.503822
1104,1728,OK,False,,40,K5_AND_OR_NAND_XNOR_NOT,FULL,43,27.007366
1105,1728,OK,False,,40,K5_AND_OR_NAND_XNOR_NOT,FULL,44,27.043669
1106,1728,OK,False,,40,K5_AND_OR_NAND_XNOR_NOT,FULL,45,24.988019
1107,1728,OK,False,,40,K5_AND_OR_NAND_XNOR_NOT,FULL,46,25.359058
1108,1728,OK,False,,40,K5_AND_OR_NOR_XOR_XNOR,FULL,20,26.097954
1109,1728,OK,False,,40,K5_AND_OR_NOR_XOR_XNOR,FULL,21,25.722320
1110,1728,OK,False,,40,K5_AND_OR_NOR_XOR_XNOR,FULL,22,25.512849
1111,1728,OK,False,,40,K5_AND_OR_NOR_XOR_XNOR,FULL,23,26.121608
1112,1728,OK,False,,40,K5_AND_OR_NOR_XOR_XNOR,FULL,24,27.894269
1113,1728,OK,False,,40,K5_AND_OR_NOR_XOR_XNOR,FULL,25,28.971865
1114,1728,OK,False,,40,K5_AND_OR_NOR_XOR_XNOR,FULL,26,23.951172
1115,1728,OK,False,,40,K5_AND_OR_NOR_XOR_XNOR,FULL,27,29.626734
1116,1728,OK,False,,40,K5_AND_OR_NOR_XOR_XNOR,FULL,28,28.727821
1117,1728,OK,False,,40,K5_AND_OR_NOR_XOR_XNOR,FULL,29,26.825426
1118,1728,OK,False,,40,K5_AND_OR_NOR_XOR_XNOR,FULL,30,27.747544
1119,1728,OK,False,,40,K5_AND_OR_NOR_XOR_XNOR,FULL,31,27.560783
1120,1728,OK,False,,40,K5_AND_OR_NOR_XOR_XNOR,FULL,32,24.399134
1121,1728,OK,False,,40,K5_AND_OR_NOR_XOR_XNOR,FULL,33,35.746628
1122,1728,OK,False,,40,K5_AND_OR_NOR_XOR_XNOR,FULL,34,31.906334
1123,1728,OK,False,,40,K5_AND_OR_NOR_XOR_XNOR,FULL,35,29.212501
1124,1728,OK,False,,40,K5_AND_OR_NOR_XOR_XNOR,FULL,36,28.776894
1125,1728,OK,False,,40,K5_AND_OR_NOR_XOR_XNOR,FULL,37,24.971459
1126,1728,OK,False,,40,K5_AND_OR_NOR_XOR_XNOR,FULL,38,29.032268
1127,1728,OK,False,,40,K5_AND_OR_NOR_XOR_XNOR,FULL,39,28.909849
1128,1728,OK,False,,40,K5_AND_OR_NOR_XOR_XNOR,FULL,40,28.512459
1129,1728,OK,False,,40,K5_AND_OR_NOR_XOR_XNOR,FULL,41,28.438958
1130,1728,OK,False,,40,K5_AND_OR_NOR_XOR_XNOR,FULL,42,29.041366
1131,1728,OK,False,,40,K5_AND_OR_NOR_XOR_XNOR,FULL,43,28.150388
1132,1728,OK,False,,40,K5_AND_OR_NOR_XOR_XNOR,FULL,44,29.683820
1133,1728,OK,False,,40,K5_AND_OR_NOR_XOR_XNOR,FULL,45,24.538915
1134,1728,OK,False,,40,K5_AND_OR_NOR_XOR_XNOR,FULL,46,27.644988
1135,1728,OK,False,,40,K5_AND_OR_NOR_XOR_NOT,FULL,20,26.890126
1136,1728,OK,False,,40,K5_AND_OR_NOR_XOR_NOT,FULL,21,28.523859
1137,1728,OK,False,,40,K5_AND_OR_NOR_XOR_NOT,FULL,22,29.022572
1138,1728,OK,False,,40,K5_AND_OR_NOR_XOR_NOT,FULL,23,27.091182
1139,1728,OK,False,,40,K5_AND_OR_NOR_XOR_NOT,FULL,24,23.631974
1140,1728,OK,False,,40,K5_AND_OR_NOR_XOR_NOT,FULL,25,26.922113
1141,1728,OK,False,,40,K5_AND_OR_NOR_XOR_NOT,FULL,26,27.093846
1142,1728,OK,False,,40,K5_AND_OR_NOR_XOR_NOT,FULL,27,25.666904
1143,1728,OK,False,,40,K5_AND_OR_NOR_XOR_NOT,FULL,28,27.012773
1144,1728,OK,False,,40,K5_AND_OR_NOR_XOR_NOT,FULL,29,27.977390
1145,1728,OK,False,,40,K5_AND_OR_NOR_XOR_NOT,FULL,30,26.785144
1146,1728,OK,False,,40,K5_AND_OR_NOR_XOR_NOT,FULL,31,28.436315
1147,1728,OK,False,,40,K5_AND_OR_NOR_XOR_NOT,FULL,32,29.064873
1148,1728,OK,False,,40,K5_AND_OR_NOR_XOR_NOT,FULL,33,27.634017
1149,1728,OK,False,,40,K5_AND_OR_NOR_XOR_NOT,FULL,34,25.811506
1150,1728,OK,False,,40,K5_AND_OR_NOR_XOR_NOT,FULL,35,29.037283
1151,1728,OK,False,,40,K5_AND_OR_NOR_XOR_NOT,FULL,36,29.760961
1152,1728,OK,False,,40,K5_AND_OR_NOR_XOR_NOT,FULL,37,27.526039
1153,1728,OK,False,,40,K5_AND_OR_NOR_XOR_NOT,FULL,38,26.923860
1154,1728,OK,False,,40,K5_AND_OR_NOR_XOR_NOT,FULL,39,29.689058
1155,1728,OK,False,,40,K5_AND_OR_NOR_XOR_NOT,FULL,40,26.622810
1156,1728,OK,False,,40,K5_AND_OR_NOR_XOR_NOT,FULL,41,26.369841
1157,1728,OK,False,,40,K5_AND_OR_NOR_XOR_NOT,FULL,42,27.621372
1158,1728,OK,False,,40,K5_AND_OR_NOR_XOR_NOT,FULL,43,27.055972
1159,1728,OK,False,,40,K5_AND_OR_NOR_XOR_NOT,FULL,44,28.554394
1160,1728,OK,False,,40,K5_AND_OR_NOR_XOR_NOT,FULL,45,28.101594
1161,1728,OK,False,,40,K5_AND_OR_NOR_XOR_NOT,FULL,46,31.014735
1162,1728,OK,False,,40,K5_AND_OR_NOR_XNOR_NOT,FULL,20,28.599083
1163,1728,OK,False,,40,K5_AND_OR_NOR_XNOR_NOT,FULL,21,24.963445
1164,1728,OK,False,,40,K5_AND_OR_NOR_XNOR_NOT,FULL,22,27.327038
1165,1728,OK,False,,40,K5_AND_OR_NOR_XNOR_NOT,FULL,23,27.557576
1166,1728,OK,False,,40,K5_AND_OR_NOR_XNOR_NOT,FULL,24,24.695149
1167,1728,OK,False,,40,K5_AND_OR_NOR_XNOR_NOT,FULL,25,25.634806
1168,1728,OK,False,,40,K5_AND_OR_NOR_XNOR_NOT,FULL,26,28.035346
1169,1728,OK,False,,40,K5_AND_OR_NOR_XNOR_NOT,FULL,27,27.790406
1170,1728,OK,False,,40,K5_AND_OR_NOR_XNOR_NOT,FULL,28,26.938898
1171,1728,OK,False,,40,K5_AND_OR_NOR_XNOR_NOT,FULL,29,23.666136
1172,1728,OK,False,,40,K5_AND_OR_NOR_XNOR_NOT,FULL,30,25.968222
1173,1728,OK,False,,40,K5_AND_OR_NOR_XNOR_NOT,FULL,31,26.659278
1174,1728,OK,False,,40,K5_AND_OR_NOR_XNOR_NOT,FULL,32,27.128508
1175,1728,OK,False,,40,K5_AND_OR_NOR_XNOR_NOT,FULL,33,28.423402
1176,1728,OK,False,,40,K5_AND_OR_NOR_XNOR_NOT,FULL,34,25.943714
1177,1728,OK,False,,40,K5_AND_OR_NOR_XNOR_NOT,FULL,35,27.065085
1178,1728,OK,False,,40,K5_AND_OR_NOR_XNOR_NOT,FULL,36,25.859025
1179,1728,OK,False,,40,K5_AND_OR_NOR_XNOR_NOT,FULL,37,26.311048
1180,1728,OK,False,,40,K5_AND_OR_NOR_XNOR_NOT,FULL,38,25.251900
1181,1728,OK,False,,40,K5_AND_OR_NOR_XNOR_NOT,FULL,39,27.091023
1182,1728,OK,False,,40,K5_AND_OR_NOR_XNOR_NOT,FULL,40,26.597349
1183,1728,OK,False,,40,K5_AND_OR_NOR_XNOR_NOT,FULL,41,27.164361
1184,1728,OK,False,,40,K5_AND_OR_NOR_XNOR_NOT,FULL,42,24.467956
1185,1728,OK,False,,40,K5_AND_OR_NOR_XNOR_NOT,FULL,43,25.505362
1186,1728,OK,False,,40,K5_AND_OR_NOR_XNOR_NOT,FULL,44,27.129937
1187,1728,OK,False,,40,K5_AND_OR_NOR_XNOR_NOT,FULL,45,28.176279
1188,1728,OK,False,,40,K5_AND_OR_NOR_XNOR_NOT,FULL,46,26.650873
1189,1728,OK,False,,40,K5_AND_OR_XOR_XNOR_NOT,FULL,20,26.603976
1190,1728,OK,False,,40,K5_AND_OR_XOR_XNOR_NOT,FULL,21,27.759595
1191,1728,OK,False,,40,K5_AND_OR_XOR_XNOR_NOT,FULL,22,28.261754
1192,1728,OK,False,,40,K5_AND_OR_XOR_XNOR_NOT,FULL,23,27.549614
1193,1728,OK,False,,40,K5_AND_OR_XOR_XNOR_NOT,FULL,24,27.476937
1194,1728,OK,False,,40,K5_AND_OR_XOR_XNOR_NOT,FULL,25,24.916606
1195,1728,OK,False,,40,K5_AND_OR_XOR_XNOR_NOT,FULL,26,26.546430
1196,1728,OK,False,,40,K5_AND_OR_XOR_XNOR_NOT,FULL,27,26.039337
1197,1728,OK,False,,40,K5_AND_OR_XOR_XNOR_NOT,FULL,28,28.551245
1198,1728,OK,False,,40,K5_AND_OR_XOR_XNOR_NOT,FULL,29,24.436644
1199,1728,OK,False,,40,K5_AND_OR_XOR_XNOR_NOT,FULL,30,26.756209
1200,1728,OK,False,,40,K5_AND_OR_XOR_XNOR_NOT,FULL,31,26.800036
1201,1728,OK,False,,40,K5_AND_OR_XOR_XNOR_NOT,FULL,32,27.776075
1202,1728,OK,False,,40,K5_AND_OR_XOR_XNOR_NOT,FULL,33,28.435358
1203,1728,OK,False,,40,K5_AND_OR_XOR_XNOR_NOT,FULL,34,24.517473
1204,1728,OK,False,,40,K5_AND_OR_XOR_XNOR_NOT,FULL,35,31.411157
1205,1728,OK,False,,40,K5_AND_OR_XOR_XNOR_NOT,FULL,36,32.301589
1206,1728,OK,False,,40,K5_AND_OR_XOR_XNOR_NOT,FULL,37,32.981914
1207,1728,OK,False,,40,K5_AND_OR_XOR_XNOR_NOT,FULL,38,32.113183
1208,1728,OK,False,,40,K5_AND_OR_XOR_XNOR_NOT,FULL,39,30.971441
1209,1728,OK,False,,40,K5_AND_OR_XOR_XNOR_NOT,FULL,40,34.031659
1210,1728,OK,False,,40,K5_AND_OR_XOR_XNOR_NOT,FULL,41,34.588120
1211,1728,OK,False,,40,K5_AND_OR_XOR_XNOR_NOT,FULL,42,35.005055
1212,1728,OK,False,,40,K5_AND_OR_XOR_XNOR_NOT,FULL,43,34.407861
1213,1728,OK,False,,40,K5_AND_OR_XOR_XNOR_NOT,FULL,44,31.726957
1214,1728,OK,False,,40,K5_AND_OR_XOR_XNOR_NOT,FULL,45,38.325872
1215,1728,OK,False,,40,K5_AND_OR_XOR_XNOR_NOT,FULL,46,33.153207
1216,1728,OK,False,,40,K5_AND_NAND_NOR_XOR_XNOR,FULL,20,32.780528
1217,1728,OK,False,,40,K5_AND_NAND_NOR_XOR_XNOR,FULL,21,28.915708
1218,1728,OK,False,,40,K5_AND_NAND_NOR_XOR_XNOR,FULL,22,28.546426
1219,1728,OK,False,,40,K5_AND_NAND_NOR_XOR_XNOR,FULL,23,28.683859
1220,1728,OK,False,,40,K5_AND_NAND_NOR_XOR_XNOR,FULL,24,29.497878
1221,1728,OK,False,,40,K5_AND_NAND_NOR_XOR_XNOR,FULL,25,27.918972
1222,1728,OK,False,,40,K5_AND_NAND_NOR_XOR_XNOR,FULL,26,25.174560
1223,1728,OK,False,,40,K5_AND_NAND_NOR_XOR_XNOR,FULL,27,27.862415
1224,1728,OK,False,,40,K5_AND_NAND_NOR_XOR_XNOR,FULL,28,29.293651
1225,1728,OK,False,,40,K5_AND_NAND_NOR_XOR_XNOR,FULL,29,27.163904
1226,1728,OK,False,,40,K5_AND_NAND_NOR_XOR_XNOR,FULL,30,30.588872
1227,1728,OK,False,,40,K5_AND_NAND_NOR_XOR_XNOR,FULL,31,27.694464
1228,1728,OK,False,,40,K5_AND_NAND_NOR_XOR_XNOR,FULL,32,26.478907
1229,1728,OK,False,,40,K5_AND_NAND_NOR_XOR_XNOR,FULL,33,24.816879
1230,1728,OK,False,,40,K5_AND_NAND_NOR_XOR_XNOR,FULL,34,27.679222
1231,1728,OK,False,,40,K5_AND_NAND_NOR_XOR_XNOR,FULL,35,25.772470
1232,1728,OK,False,,40,K5_AND_NAND_NOR_XOR_XNOR,FULL,36,24.808574
1233,1728,OK,False,,40,K5_AND_NAND_NOR_XOR_XNOR,FULL,37,26.062367
1234,1728,OK,False,,40,K5_AND_NAND_NOR_XOR_XNOR,FULL,38,27.668565
1235,1728,OK,False,,40,K5_AND_NAND_NOR_XOR_XNOR,FULL,39,26.108393
1236,1728,OK,False,,40,K5_AND_NAND_NOR_XOR_XNOR,FULL,40,26.106844
1237,1728,OK,False,,40,K5_AND_NAND_NOR_XOR_XNOR,FULL,41,30.608213
1238,1728,OK,False,,40,K5_AND_NAND_NOR_XOR_XNOR,FULL,42,28.966377
1239,1728,OK,False,,40,K5_AND_NAND_NOR_XOR_XNOR,FULL,43,28.635321
1240,1728,OK,False,,40,K5_AND_NAND_NOR_XOR_XNOR,FULL,44,27.513199
1241,1728,OK,False,,40,K5_AND_NAND_NOR_XOR_XNOR,FULL,45,25.534071
1242,1728,OK,False,,40,K5_AND_NAND_NOR_XOR_XNOR,FULL,46,28.810633
1243,1728,OK,False,,40,K5_AND_NAND_NOR_XOR_NOT,FULL,20,28.379716
1244,1728,OK,False,,40,K5_AND_NAND_NOR_XOR_NOT,FULL,21,27.121249
1245,1728,OK,False,,40,K5_AND_NAND_NOR_XOR_NOT,FULL,22,27.226845
1246,1728,OK,False,,40,K5_AND_NAND_NOR_XOR_NOT,FULL,23,24.591831
1247,1728,OK,False,,40,K5_AND_NAND_NOR_XOR_NOT,FULL,24,26.900711
1248,1728,OK,False,,40,K5_AND_NAND_NOR_XOR_NOT,FULL,25,25.858196
1249,1728,OK,False,,40,K5_AND_NAND_NOR_XOR_NOT,FULL,26,25.023021
1250,1728,OK,False,,40,K5_AND_NAND_NOR_XOR_NOT,FULL,27,26.434431
1251,1728,OK,False,,40,K5_AND_NAND_NOR_XOR_NOT,FULL,28,25.695379
1252,1728,OK,False,,40,K5_AND_NAND_NOR_XOR_NOT,FULL,29,26.492897
1253,1728,OK,False,,40,K5_AND_NAND_NOR_XOR_NOT,FULL,30,28.364645
1254,1728,OK,False,,40,K5_AND_NAND_NOR_XOR_NOT,FULL,31,26.231164
1255,1728,OK,False,,40,K5_AND_NAND_NOR_XOR_NOT,FULL,32,26.109146
1256,1728,OK,False,,40,K5_AND_NAND_NOR_XOR_NOT,FULL,33,27.632555
1257,1728,OK,False,,40,K5_AND_NAND_NOR_XOR_NOT,FULL,34,27.082300
1258,1728,OK,False,,40,K5_AND_NAND_NOR_XOR_NOT,FULL,35,28.131259
1259,1728,OK,False,,40,K5_AND_NAND_NOR_XOR_NOT,FULL,36,24.216036
1260,1728,OK,False,,40,K5_AND_NAND_NOR_XOR_NOT,FULL,37,26.053110
1261,1728,OK,False,,40,K5_AND_NAND_NOR_XOR_NOT,FULL,38,27.643763
1262,1728,OK,False,,40,K5_AND_NAND_NOR_XOR_NOT,FULL,39,27.173704
1263,1728,OK,False,,40,K5_AND_NAND_NOR_XOR_NOT,FULL,40,24.762157
1264,1728,OK,False,,40,K5_AND_NAND_NOR_XOR_NOT,FULL,41,25.872697
1265,1728,OK,False,,40,K5_AND_NAND_NOR_XOR_NOT,FULL,42,25.746068
1266,1728,OK,False,,40,K5_AND_NAND_NOR_XOR_NOT,FULL,43,24.101164
1267,1728,OK,False,,40,K5_AND_NAND_NOR_XOR_NOT,FULL,44,26.438026
1268,1728,OK,False,,40,K5_AND_NAND_NOR_XOR_NOT,FULL,45,26.669069
1269,1728,OK,False,,40,K5_AND_NAND_NOR_XOR_NOT,FULL,46,26.024294
1270,1728,OK,False,,40,K5_AND_NAND_NOR_XNOR_NOT,FULL,20,23.260281
1271,1728,OK,False,,40,K5_AND_NAND_NOR_XNOR_NOT,FULL,21,26.954185
1272,1728,OK,False,,40,K5_AND_NAND_NOR_XNOR_NOT,FULL,22,27.499492
1273,1728,OK,False,,40,K5_AND_NAND_NOR_XNOR_NOT,FULL,23,25.284496
1274,1728,OK,False,,40,K5_AND_NAND_NOR_XNOR_NOT,FULL,24,26.317833
1275,1728,OK,False,,40,K5_AND_NAND_NOR_XNOR_NOT,FULL,25,26.078151
1276,1728,OK,False,,40,K5_AND_NAND_NOR_XNOR_NOT,FULL,26,24.623870
1277,1728,OK,False,,40,K5_AND_NAND_NOR_XNOR_NOT,FULL,27,24.882839
1278,1728,OK,False,,40,K5_AND_NAND_NOR_XNOR_NOT,FULL,28,26.390628
1279,1728,OK,False,,40,K5_AND_NAND_NOR_XNOR_NOT,FULL,29,26.088325
1280,1728,OK,False,,40,K5_AND_NAND_NOR_XNOR_NOT,FULL,30,25.100738
1281,1728,OK,False,,40,K5_AND_NAND_NOR_XNOR_NOT,FULL,31,25.705863
1282,1728,OK,False,,40,K5_AND_NAND_NOR_XNOR_NOT,FULL,32,26.346474
1283,1728,OK,False,,40,K5_AND_NAND_NOR_XNOR_NOT,FULL,33,27.531385
1284,1728,OK,False,,40,K5_AND_NAND_NOR_XNOR_NOT,FULL,34,28.753493
1285,1728,OK,False,,40,K5_AND_NAND_NOR_XNOR_NOT,FULL,35,24.873162
1286,1728,OK,False,,40,K5_AND_NAND_NOR_XNOR_NOT,FULL,36,27.460717
1287,1728,OK,False,,40,K5_AND_NAND_NOR_XNOR_NOT,FULL,37,26.637275
1288,1728,OK,False,,40,K5_AND_NAND_NOR_XNOR_NOT,FULL,38,28.357276
1289,1728,OK,False,,40,K5_AND_NAND_NOR_XNOR_NOT,FULL,39,23.521196
1290,1728,OK,False,,40,K5_AND_NAND_NOR_XNOR_NOT,FULL,40,27.436858
1291,1728,OK,False,,40,K5_AND_NAND_NOR_XNOR_NOT,FULL,41,29.985699
1292,1728,OK,False,,40,K5_AND_NAND_NOR_XNOR_NOT,FULL,42,28.482933
1293,1728,OK,False,,40,K5_AND_NAND_NOR_XNOR_NOT,FULL,43,29.335996
1294,1728,OK,False,,40,K5_AND_NAND_NOR_XNOR_NOT,FULL,44,29.913823
1295,1728,OK,False,,40,K5_AND_NAND_NOR_XNOR_NOT,FULL,45,28.797510
1296,1728,OK,False,,40,K5_AND_NAND_NOR_XNOR_NOT,FULL,46,27.747290
1297,1728,OK,False,,40,K5_AND_NAND_XOR_XNOR_NOT,FULL,20,24.327841
1298,1728,OK,False,,40,K5_AND_NAND_XOR_XNOR_NOT,FULL,21,28.185185
1299,1728,OK,False,,40,K5_AND_NAND_XOR_XNOR_NOT,FULL,22,26.029891
1300,1728,OK,False,,40,K5_AND_NAND_XOR_XNOR_NOT,FULL,23,28.412691
1301,1728,OK,False,,40,K5_AND_NAND_XOR_XNOR_NOT,FULL,24,23.489732
1302,1728,OK,False,,40,K5_AND_NAND_XOR_XNOR_NOT,FULL,25,26.412846
1303,1728,OK,False,,40,K5_AND_NAND_XOR_XNOR_NOT,FULL,26,25.777893
1304,1728,OK,False,,40,K5_AND_NAND_XOR_XNOR_NOT,FULL,27,28.535404
1305,1728,OK,False,,40,K5_AND_NAND_XOR_XNOR_NOT,FULL,28,24.082987
1306,1728,OK,False,,40,K5_AND_NAND_XOR_XNOR_NOT,FULL,29,27.690529
1307,1728,OK,False,,40,K5_AND_NAND_XOR_XNOR_NOT,FULL,30,29.680172
1308,1728,OK,False,,40,K5_AND_NAND_XOR_XNOR_NOT,FULL,31,28.558135
1309,1728,OK,False,,40,K5_AND_NAND_XOR_XNOR_NOT,FULL,32,31.227624
1310,1728,OK,False,,40,K5_AND_NAND_XOR_XNOR_NOT,FULL,33,28.244525
1311,1728,OK,False,,40,K5_AND_NAND_XOR_XNOR_NOT,FULL,34,27.492203
1312,1728,OK,False,,40,K5_AND_NAND_XOR_XNOR_NOT,FULL,35,28.161978
1313,1728,OK,False,,40,K5_AND_NAND_XOR_XNOR_NOT,FULL,36,31.519288
1314,1728,OK,False,,40,K5_AND_NAND_XOR_XNOR_NOT,FULL,37,23.813975
1315,1728,OK,False,,40,K5_AND_NAND_XOR_XNOR_NOT,FULL,38,29.145475
1316,1728,OK,False,,40,K5_AND_NAND_XOR_XNOR_NOT,FULL,39,29.477401
1317,1728,OK,False,,40,K5_AND_NAND_XOR_XNOR_NOT,FULL,40,26.990017
1318,1728,OK,False,,40,K5_AND_NAND_XOR_XNOR_NOT,FULL,41,30.056895
1319,1728,OK,False,,40,K5_AND_NAND_XOR_XNOR_NOT,FULL,42,28.158979
1320,1728,OK,False,,40,K5_AND_NAND_XOR_XNOR_NOT,FULL,43,37.029511
1321,1728,OK,False,,40,K5_AND_NAND_XOR_XNOR_NOT,FULL,44,30.766389
1322,1728,OK,False,,40,K5_AND_NAND_XOR_XNOR_NOT,FULL,45,28.778972
1323,1728,OK,False,,40,K5_AND_NAND_XOR_XNOR_NOT,FULL,46,27.341794
1324,1728,OK,False,,40,K5_AND_NOR_XOR_XNOR_NOT,FULL,20,27.569154
1325,1728,OK,False,,40,K5_AND_NOR_XOR_XNOR_NOT,FULL,21,28.814219
1326,1728,OK,False,,40,K5_AND_NOR_XOR_XNOR_NOT,FULL,22,24.344204
1327,1728,OK,False,,40,K5_AND_NOR_XOR_XNOR_NOT,FULL,23,35.599500
1328,1728,OK,False,,40,K5_AND_NOR_XOR_XNOR_NOT,FULL,24,35.843666
1329,1728,OK,False,,40,K5_AND_NOR_XOR_XNOR_NOT,FULL,25,31.077764
1330,1728,OK,False,,40,K5_AND_NOR_XOR_XNOR_NOT,FULL,26,29.182308
1331,1728,OK,False,,40,K5_AND_NOR_XOR_XNOR_NOT,FULL,27,28.898476
1332,1728,OK,False,,40,K5_AND_NOR_XOR_XNOR_NOT,FULL,28,27.505761
1333,1728,OK,False,,40,K5_AND_NOR_XOR_XNOR_NOT,FULL,29,26.725715
1334,1728,OK,False,,40,K5_AND_NOR_XOR_XNOR_NOT,FULL,30,24.954240
1335,1728,OK,False,,40,K5_AND_NOR_XOR_XNOR_NOT,FULL,31,28.628256
1336,1728,OK,False,,40,K5_AND_NOR_XOR_XNOR_NOT,FULL,32,28.251094
1337,1728,OK,False,,40,K5_AND_NOR_XOR_XNOR_NOT,FULL,33,29.025220
1338,1728,OK,False,,40,K5_AND_NOR_XOR_XNOR_NOT,FULL,34,27.743499
1339,1728,OK,False,,40,K5_AND_NOR_XOR_XNOR_NOT,FULL,35,27.452230
1340,1728,OK,False,,40,K5_AND_NOR_XOR_XNOR_NOT,FULL,36,24.202867
1341,1728,OK,False,,40,K5_AND_NOR_XOR_XNOR_NOT,FULL,37,26.167239
1342,1728,OK,False,,40,K5_AND_NOR_XOR_XNOR_NOT,FULL,38,26.028822
1343,1728,OK,False,,40,K5_AND_NOR_XOR_XNOR_NOT,FULL,39,28.424476
1344,1728,OK,False,,40,K5_AND_NOR_XOR_XNOR_NOT,FULL,40,24.815696
1345,1728,OK,False,,40,K5_AND_NOR_XOR_XNOR_NOT,FULL,41,29.036904
1346,1728,OK,False,,40,K5_AND_NOR_XOR_XNOR_NOT,FULL,42,28.548319
1347,1728,OK,False,,40,K5_AND_NOR_XOR_XNOR_NOT,FULL,43,26.920619
1348,1728,OK,False,,40,K5_AND_NOR_XOR_XNOR_NOT,FULL,44,27.965880
1349,1728,OK,False,,40,K5_AND_NOR_XOR_XNOR_NOT,FULL,45,32.708946
1350,1728,OK,False,,40,K5_AND_NOR_XOR_XNOR_NOT,FULL,46,34.410811
1351,1728,OK,False,,40,K5_OR_NAND_NOR_XOR_XNOR,FULL,20,29.829695
1352,1728,OK,False,,40,K5_OR_NAND_NOR_XOR_XNOR,FULL,21,29.195929
1353,1728,OK,False,,40,K5_OR_NAND_NOR_XOR_XNOR,FULL,22,31.086671
1354,1728,OK,False,,40,K5_OR_NAND_NOR_XOR_XNOR,FULL,23,31.563914
1355,1728,OK,False,,40,K5_OR_NAND_NOR_XOR_XNOR,FULL,24,35.386179
1356,1728,OK,False,,40,K5_OR_NAND_NOR_XOR_XNOR,FULL,25,28.817053
1357,1728,OK,False,,40,K5_OR_NAND_NOR_XOR_XNOR,FULL,26,31.116993
1358,1728,OK,False,,40,K5_OR_NAND_NOR_XOR_XNOR,FULL,27,32.159320
1359,1728,OK,False,,40,K5_OR_NAND_NOR_XOR_XNOR,FULL,28,28.686048
1360,1728,OK,False,,40,K5_OR_NAND_NOR_XOR_XNOR,FULL,29,25.590042
1361,1728,OK,False,,40,K5_OR_NAND_NOR_XOR_XNOR,FULL,30,28.180211
1362,1728,OK,False,,40,K5_OR_NAND_NOR_XOR_XNOR,FULL,31,27.529372
1363,1728,OK,False,,40,K5_OR_NAND_NOR_XOR_XNOR,FULL,32,28.801404
1364,1728,OK,False,,40,K5_OR_NAND_NOR_XOR_XNOR,FULL,33,31.580633
1365,1728,OK,False,,40,K5_OR_NAND_NOR_XOR_XNOR,FULL,34,28.012387
1366,1728,OK,False,,40,K5_OR_NAND_NOR_XOR_XNOR,FULL,35,28.677190
1367,1728,OK,False,,40,K5_OR_NAND_NOR_XOR_XNOR,FULL,36,28.409836
1368,1728,OK,False,,40,K5_OR_NAND_NOR_XOR_XNOR,FULL,37,30.801535
1369,1728,OK,False,,40,K5_OR_NAND_NOR_XOR_XNOR,FULL,38,33.225557
1370,1728,OK,False,,40,K5_OR_NAND_NOR_XOR_XNOR,FULL,39,27.724880
1371,1728,OK,False,,40,K5_OR_NAND_NOR_XOR_XNOR,FULL,40,21.962266
1372,1728,OK,False,,40,K5_OR_NAND_NOR_XOR_XNOR,FULL,41,20.579841
1373,1728,OK,False,,40,K5_OR_NAND_NOR_XOR_XNOR,FULL,42,20.407118
1374,1728,OK,False,,40,K5_OR_NAND_NOR_XOR_XNOR,FULL,43,20.858758
1375,1728,OK,False,,40,K5_OR_NAND_NOR_XOR_XNOR,FULL,44,21.705320
1376,1728,OK,False,,40,K5_OR_NAND_NOR_XOR_XNOR,FULL,45,20.582607
1377,1728,OK,False,,40,K5_OR_NAND_NOR_XOR_XNOR,FULL,46,20.145447
1378,1728,OK,False,,40,K5_OR_NAND_NOR_XOR_NOT,FULL,20,25.402324
1379,1728,OK,False,,40,K5_OR_NAND_NOR_XOR_NOT,FULL,21,29.827744
1380,1728,OK,False,,40,K5_OR_NAND_NOR_XOR_NOT,FULL,22,25.684300
1381,1728,OK,False,,40,K5_OR_NAND_NOR_XOR_NOT,FULL,23,31.318195
1382,1728,OK,False,,40,K5_OR_NAND_NOR_XOR_NOT,FULL,24,27.997025
1383,1728,OK,False,,40,K5_OR_NAND_NOR_XOR_NOT,FULL,25,31.584027
1384,1728,OK,False,,40,K5_OR_NAND_NOR_XOR_NOT,FULL,26,34.286495
1385,1728,OK,False,,40,K5_OR_NAND_NOR_XOR_NOT,FULL,27,24.077032
1386,1728,OK,False,,40,K5_OR_NAND_NOR_XOR_NOT,FULL,28,28.161352
1387,1728,OK,False,,40,K5_OR_NAND_NOR_XOR_NOT,FULL,29,26.898722
1388,1728,OK,False,,40,K5_OR_NAND_NOR_XOR_NOT,FULL,30,27.512162
1389,1728,OK,False,,40,K5_OR_NAND_NOR_XOR_NOT,FULL,31,27.570604
1390,1728,OK,False,,40,K5_OR_NAND_NOR_XOR_NOT,FULL,32,23.929280
1391,1728,OK,False,,40,K5_OR_NAND_NOR_XOR_NOT,FULL,33,26.189769
1392,1728,OK,False,,40,K5_OR_NAND_NOR_XOR_NOT,FULL,34,27.095922
1393,1728,OK,False,,40,K5_OR_NAND_NOR_XOR_NOT,FULL,35,24.381955
1394,1728,OK,False,,40,K5_OR_NAND_NOR_XOR_NOT,FULL,36,26.706865
1395,1728,OK,False,,40,K5_OR_NAND_NOR_XOR_NOT,FULL,37,27.144629
1396,1728,OK,False,,40,K5_OR_NAND_NOR_XOR_NOT,FULL,38,26.935646
1397,1728,OK,False,,40,K5_OR_NAND_NOR_XOR_NOT,FULL,39,26.251918
1398,1728,OK,False,,40,K5_OR_NAND_NOR_XOR_NOT,FULL,40,28.106364
1399,1728,OK,False,,40,K5_OR_NAND_NOR_XOR_NOT,FULL,41,28.540510
1400,1728,OK,False,,40,K5_OR_NAND_NOR_XOR_NOT,FULL,42,25.927216
1401,1728,OK,False,,40,K5_OR_NAND_NOR_XOR_NOT,FULL,43,30.599490
1402,1728,OK,False,,40,K5_OR_NAND_NOR_XOR_NOT,FULL,44,29.288359
1403,1728,OK,False,,40,K5_OR_NAND_NOR_XOR_NOT,FULL,45,27.420010
1404,1728,OK,False,,40,K5_OR_NAND_NOR_XOR_NOT,FULL,46,27.896387
1405,1728,OK,False,,40,K5_OR_NAND_NOR_XNOR_NOT,FULL,20,24.037162
1406,1728,OK,False,,40,K5_OR_NAND_NOR_XNOR_NOT,FULL,21,29.432700
1407,1728,OK,False,,40,K5_OR_NAND_NOR_XNOR_NOT,FULL,22,28.469008
1408,1728,OK,False,,40,K5_OR_NAND_NOR_XNOR_NOT,FULL,23,27.519414
1409,1728,OK,False,,40,K5_OR_NAND_NOR_XNOR_NOT,FULL,24,28.367184
1410,1728,OK,False,,40,K5_OR_NAND_NOR_XNOR_NOT,FULL,25,27.685579
1411,1728,OK,False,,40,K5_OR_NAND_NOR_XNOR_NOT,FULL,26,29.572911
1412,1728,OK,False,,40,K5_OR_NAND_NOR_XNOR_NOT,FULL,27,32.641408
1413,1728,OK,False,,40,K5_OR_NAND_NOR_XNOR_NOT,FULL,28,28.816165
1414,1728,OK,False,,40,K5_OR_NAND_NOR_XNOR_NOT,FULL,29,28.894883
1415,1728,OK,False,,40,K5_OR_NAND_NOR_XNOR_NOT,FULL,30,28.962976
1416,1728,OK,False,,40,K5_OR_NAND_NOR_XNOR_NOT,FULL,31,26.364927
1417,1728,OK,False,,40,K5_OR_NAND_NOR_XNOR_NOT,FULL,32,28.354565
1418,1728,OK,False,,40,K5_OR_NAND_NOR_XNOR_NOT,FULL,33,27.611578
1419,1728,OK,False,,40,K5_OR_NAND_NOR_XNOR_NOT,FULL,34,26.351757
1420,1728,OK,False,,40,K5_OR_NAND_NOR_XNOR_NOT,FULL,35,28.139492
1421,1728,OK,False,,40,K5_OR_NAND_NOR_XNOR_NOT,FULL,36,26.902679
1422,1728,OK,False,,40,K5_OR_NAND_NOR_XNOR_NOT,FULL,37,26.290956
1423,1728,OK,False,,40,K5_OR_NAND_NOR_XNOR_NOT,FULL,38,27.045327
1424,1728,OK,False,,40,K5_OR_NAND_NOR_XNOR_NOT,FULL,39,26.848703
1425,1728,OK,False,,40,K5_OR_NAND_NOR_XNOR_NOT,FULL,40,27.994316
1426,1728,OK,False,,40,K5_OR_NAND_NOR_XNOR_NOT,FULL,41,25.427595
1427,1728,OK,False,,40,K5_OR_NAND_NOR_XNOR_NOT,FULL,42,33.177912
1428,1728,OK,False,,40,K5_OR_NAND_NOR_XNOR_NOT,FULL,43,29.365435
1429,1728,OK,False,,40,K5_OR_NAND_NOR_XNOR_NOT,FULL,44,24.300399
1430,1728,OK,False,,40,K5_OR_NAND_NOR_XNOR_NOT,FULL,45,26.903738
1431,1728,OK,False,,40,K5_OR_NAND_NOR_XNOR_NOT,FULL,46,29.038972
1432,1728,OK,False,,40,K5_OR_NAND_XOR_XNOR_NOT,FULL,20,28.781726
1433,1728,OK,False,,40,K5_OR_NAND_XOR_XNOR_NOT,FULL,21,25.646621
1434,1728,OK,False,,40,K5_OR_NAND_XOR_XNOR_NOT,FULL,22,26.320655
1435,1728,OK,False,,40,K5_OR_NAND_XOR_XNOR_NOT,FULL,23,30.086516
1436,1728,OK,False,,40,K5_OR_NAND_XOR_XNOR_NOT,FULL,24,26.560295
1437,1728,OK,False,,40,K5_OR_NAND_XOR_XNOR_NOT,FULL,25,27.742383
1438,1728,OK,False,,40,K5_OR_NAND_XOR_XNOR_NOT,FULL,26,28.919802
1439,1728,OK,False,,40,K5_OR_NAND_XOR_XNOR_NOT,FULL,27,27.719623
1440,1728,OK,False,,40,K5_OR_NAND_XOR_XNOR_NOT,FULL,28,25.439628
1441,1728,OK,False,,40,K5_OR_NAND_XOR_XNOR_NOT,FULL,29,28.308275
1442,1728,OK,False,,40,K5_OR_NAND_XOR_XNOR_NOT,FULL,30,29.486078
1443,1728,OK,False,,40,K5_OR_NAND_XOR_XNOR_NOT,FULL,31,29.134621
1444,1728,OK,False,,40,K5_OR_NAND_XOR_XNOR_NOT,FULL,32,27.829827
1445,1728,OK,False,,40,K5_OR_NAND_XOR_XNOR_NOT,FULL,33,26.780905
1446,1728,OK,False,,40,K5_OR_NAND_XOR_XNOR_NOT,FULL,34,24.706866
1447,1728,OK,False,,40,K5_OR_NAND_XOR_XNOR_NOT,FULL,35,29.244141
1448,1728,OK,False,,40,K5_OR_NAND_XOR_XNOR_NOT,FULL,36,29.343103
1449,1728,OK,False,,40,K5_OR_NAND_XOR_XNOR_NOT,FULL,37,26.930610
1450,1728,OK,False,,40,K5_OR_NAND_XOR_XNOR_NOT,FULL,38,29.167869
1451,1728,OK,False,,40,K5_OR_NAND_XOR_XNOR_NOT,FULL,39,27.592400
1452,1728,OK,False,,40,K5_OR_NAND_XOR_XNOR_NOT,FULL,40,27.887301
1453,1728,OK,False,,40,K5_OR_NAND_XOR_XNOR_NOT,FULL,41,30.762762
1454,1728,OK,False,,40,K5_OR_NAND_XOR_XNOR_NOT,FULL,42,30.617396
1455,1728,OK,False,,40,K5_OR_NAND_XOR_XNOR_NOT,FULL,43,23.864553
1456,1728,OK,False,,40,K5_OR_NAND_XOR_XNOR_NOT,FULL,44,28.549572
1457,1728,OK,False,,40,K5_OR_NAND_XOR_XNOR_NOT,FULL,45,26.365721
1458,1728,OK,False,,40,K5_OR_NAND_XOR_XNOR_NOT,FULL,46,27.705592
1459,1728,OK,False,,40,K5_OR_NOR_XOR_XNOR_NOT,FULL,20,28.470878
1460,1728,OK,False,,40,K5_OR_NOR_XOR_XNOR_NOT,FULL,21,32.543454
1461,1728,OK,False,,40,K5_OR_NOR_XOR_XNOR_NOT,FULL,22,29.357234
1462,1728,OK,False,,40,K5_OR_NOR_XOR_XNOR_NOT,FULL,23,30.433863
1463,1728,OK,False,,40,K5_OR_NOR_XOR_XNOR_NOT,FULL,24,30.163124
1464,1728,OK,False,,40,K5_OR_NOR_XOR_XNOR_NOT,FULL,25,25.758456
1465,1728,OK,False,,40,K5_OR_NOR_XOR_XNOR_NOT,FULL,26,24.860131
1466,1728,OK,False,,40,K5_OR_NOR_XOR_XNOR_NOT,FULL,27,26.090382
1467,1728,OK,False,,40,K5_OR_NOR_XOR_XNOR_NOT,FULL,28,27.748948
1468,1728,OK,False,,40,K5_OR_NOR_XOR_XNOR_NOT,FULL,29,27.128194
1469,1728,OK,False,,40,K5_OR_NOR_XOR_XNOR_NOT,FULL,30,25.213905
1470,1728,OK,False,,40,K5_OR_NOR_XOR_XNOR_NOT,FULL,31,26.649560
1471,1728,OK,False,,40,K5_OR_NOR_XOR_XNOR_NOT,FULL,32,26.050736
1472,1728,OK,False,,40,K5_OR_NOR_XOR_XNOR_NOT,FULL,33,22.964979
1473,1728,OK,False,,40,K5_OR_NOR_XOR_XNOR_NOT,FULL,34,26.534888
1474,1728,OK,False,,40,K5_OR_NOR_XOR_XNOR_NOT,FULL,35,27.368403
1475,1728,OK,False,,40,K5_OR_NOR_XOR_XNOR_NOT,FULL,36,27.074759
1476,1728,OK,False,,40,K5_OR_NOR_XOR_XNOR_NOT,FULL,37,28.212324
1477,1728,OK,False,,40,K5_OR_NOR_XOR_XNOR_NOT,FULL,38,24.443751
1478,1728,OK,False,,40,K5_OR_NOR_XOR_XNOR_NOT,FULL,39,26.660816
1479,1728,OK,False,,40,K5_OR_NOR_XOR_XNOR_NOT,FULL,40,29.960768
1480,1728,OK,False,,40,K5_OR_NOR_XOR_XNOR_NOT,FULL,41,27.591422
1481,1728,OK,False,,40,K5_OR_NOR_XOR_XNOR_NOT,FULL,42,28.651953
1482,1728,OK,False,,40,K5_OR_NOR_XOR_XNOR_NOT,FULL,43,24.018188
1483,1728,OK,False,,40,K5_OR_NOR_XOR_XNOR_NOT,FULL,44,27.966461
1484,1728,OK,False,,40,K5_OR_NOR_XOR_XNOR_NOT,FULL,45,31.821149
1485,1728,OK,False,,40,K5_OR_NOR_XOR_XNOR_NOT,FULL,46,27.934842
1486,1728,OK,False,,40,K5_NAND_NOR_XOR_XNOR_NOT,FULL,20,27.563214
1487,1728,OK,False,,40,K5_NAND_NOR_XOR_XNOR_NOT,FULL,21,28.723463
1488,1728,OK,False,,40,K5_NAND_NOR_XOR_XNOR_NOT,FULL,22,29.279212
1489,1728,OK,False,,40,K5_NAND_NOR_XOR_XNOR_NOT,FULL,23,29.159643
1490,1728,OK,False,,40,K5_NAND_NOR_XOR_XNOR_NOT,FULL,24,27.761836
1491,1728,OK,False,,40,K5_NAND_NOR_XOR_XNOR_NOT,FULL,25,28.463904
1492,1728,OK,False,,40,K5_NAND_NOR_XOR_XNOR_NOT,FULL,26,24.433894
1493,1728,OK,False,,40,K5_NAND_NOR_XOR_XNOR_NOT,FULL,27,27.619424
1494,1728,OK,False,,40,K5_NAND_NOR_XOR_XNOR_NOT,FULL,28,28.579134
1495,1728,OK,False,,40,K5_NAND_NOR_XOR_XNOR_NOT,FULL,29,30.973086
1496,1728,OK,False,,40,K5_NAND_NOR_XOR_XNOR_NOT,FULL,30,25.910871
1497,1728,OK,False,,40,K5_NAND_NOR_XOR_XNOR_NOT,FULL,31,23.457284
1498,1728,OK,False,,40,K5_NAND_NOR_XOR_XNOR_NOT,FULL,32,27.532837
1499,1728,OK,False,,40,K5_NAND_NOR_XOR_XNOR_NOT,FULL,33,25.887663
1500,1728,OK,False,,40,K5_NAND_NOR_XOR_XNOR_NOT,FULL,34,25.407494
1501,1728,OK,False,,40,K5_NAND_NOR_XOR_XNOR_NOT,FULL,35,24.817476
1502,1728,OK,False,,40,K5_NAND_NOR_XOR_XNOR_NOT,FULL,36,24.904832
1503,1728,OK,False,,40,K5_NAND_NOR_XOR_XNOR_NOT,FULL,37,27.819422
1504,1728,OK,False,,40,K5_NAND_NOR_XOR_XNOR_NOT,FULL,38,25.821837
1505,1728,OK,False,,40,K5_NAND_NOR_XOR_XNOR_NOT,FULL,39,28.785014
1506,1728,OK,False,,40,K5_NAND_NOR_XOR_XNOR_NOT,FULL,40,29.276749
1507,1728,OK,False,,40,K5_NAND_NOR_XOR_XNOR_NOT,FULL,41,27.888823
1508,1728,OK,False,,40,K5_NAND_NOR_XOR_XNOR_NOT,FULL,42,28.947778
1509,1728,OK,False,,40,K5_NAND_NOR_XOR_XNOR_NOT,FULL,43,28.184014
1510,1728,OK,False,,40,K5_NAND_NOR_XOR_XNOR_NOT,FULL,44,25.686042
1511,1728,OK,False,,40,K5_NAND_NOR_XOR_XNOR_NOT,FULL,45,25.977707
1512,1728,OK,False,,40,K5_NAND_NOR_XOR_XNOR_NOT,FULL,46,27.318212
1513,1728,OK,False,,40,K6_AND_OR_NAND_NOR_XOR_XNOR,FULL,20,28.704321
1514,1728,OK,False,,40,K6_AND_OR_NAND_NOR_XOR_XNOR,FULL,21,26.071713
1515,1728,OK,False,,40,K6_AND_OR_NAND_NOR_XOR_XNOR,FULL,22,27.255614
1516,1728,OK,False,,40,K6_AND_OR_NAND_NOR_XOR_XNOR,FULL,23,25.806779
1517,1728,OK,False,,40,K6_AND_OR_NAND_NOR_XOR_XNOR,FULL,24,27.535036
1518,1728,OK,False,,40,K6_AND_OR_NAND_NOR_XOR_XNOR,FULL,25,29.566279
1519,1728,OK,False,,40,K6_AND_OR_NAND_NOR_XOR_XNOR,FULL,26,27.090770
1520,1728,OK,False,,40,K6_AND_OR_NAND_NOR_XOR_XNOR,FULL,27,26.830162
1521,1728,OK,False,,40,K6_AND_OR_NAND_NOR_XOR_XNOR,FULL,28,27.928106
1522,1728,OK,False,,40,K6_AND_OR_NAND_NOR_XOR_XNOR,FULL,29,25.038016
1523,1728,OK,False,,40,K6_AND_OR_NAND_NOR_XOR_XNOR,FULL,30,28.159514
1524,1728,OK,False,,40,K6_AND_OR_NAND_NOR_XOR_XNOR,FULL,31,28.392638
1525,1728,OK,False,,40,K6_AND_OR_NAND_NOR_XOR_XNOR,FULL,32,31.349058
1526,1728,OK,False,,40,K6_AND_OR_NAND_NOR_XOR_XNOR,FULL,33,30.099605
1527,1728,OK,False,,40,K6_AND_OR_NAND_NOR_XOR_XNOR,FULL,34,28.009447
1528,1728,OK,False,,40,K6_AND_OR_NAND_NOR_XOR_XNOR,FULL,35,26.488248
1529,1728,OK,False,,40,K6_AND_OR_NAND_NOR_XOR_XNOR,FULL,36,28.934172
1530,1728,OK,False,,40,K6_AND_OR_NAND_NOR_XOR_XNOR,FULL,37,29.341766
1531,1728,OK,False,,40,K6_AND_OR_NAND_NOR_XOR_XNOR,FULL,38,27.448693
1532,1728,OK,False,,40,K6_AND_OR_NAND_NOR_XOR_XNOR,FULL,39,27.382513
1533,1728,OK,False,,40,K6_AND_OR_NAND_NOR_XOR_XNOR,FULL,40,27.152612
1534,1728,OK,False,,40,K6_AND_OR_NAND_NOR_XOR_XNOR,FULL,41,27.352698
1535,1728,OK,False,,40,K6_AND_OR_NAND_NOR_XOR_XNOR,FULL,42,29.296203
1536,1728,OK,False,,40,K6_AND_OR_NAND_NOR_XOR_XNOR,FULL,43,26.882975
1537,1728,OK,False,,40,K6_AND_OR_NAND_NOR_XOR_XNOR,FULL,44,25.593161
1538,1728,OK,False,,40,K6_AND_OR_NAND_NOR_XOR_XNOR,FULL,45,27.014471
1539,1728,OK,False,,40,K6_AND_OR_NAND_NOR_XOR_XNOR,FULL,46,27.299852
1540,1728,OK,False,,40,K6_AND_OR_NAND_NOR_XOR_NOT,FULL,20,27.423647
1541,1728,OK,False,,40,K6_AND_OR_NAND_NOR_XOR_NOT,FULL,21,27.791832
1542,1728,OK,False,,40,K6_AND_OR_NAND_NOR_XOR_NOT,FULL,22,25.894955
1543,1728,OK,False,,40,K6_AND_OR_NAND_NOR_XOR_NOT,FULL,23,27.327916
1544,1728,OK,False,,40,K6_AND_OR_NAND_NOR_XOR_NOT,FULL,24,28.155668
1545,1728,OK,False,,40,K6_AND_OR_NAND_NOR_XOR_NOT,FULL,25,28.787305
1546,1728,OK,False,,40,K6_AND_OR_NAND_NOR_XOR_NOT,FULL,26,30.645776
1547,1728,OK,False,,40,K6_AND_OR_NAND_NOR_XOR_NOT,FULL,27,27.791534
1548,1728,OK,False,,40,K6_AND_OR_NAND_NOR_XOR_NOT,FULL,28,27.444813
1549,1728,OK,False,,40,K6_AND_OR_NAND_NOR_XOR_NOT,FULL,29,25.130427
1550,1728,OK,False,,40,K6_AND_OR_NAND_NOR_XOR_NOT,FULL,30,26.454832
1551,1728,OK,False,,40,K6_AND_OR_NAND_NOR_XOR_NOT,FULL,31,28.557306
1552,1728,OK,False,,40,K6_AND_OR_NAND_NOR_XOR_NOT,FULL,32,28.818139
1553,1728,OK,False,,40,K6_AND_OR_NAND_NOR_XOR_NOT,FULL,33,27.205733
1554,1728,OK,False,,40,K6_AND_OR_NAND_NOR_XOR_NOT,FULL,34,28.312437
1555,1728,OK,False,,40,K6_AND_OR_NAND_NOR_XOR_NOT,FULL,35,25.194319
1556,1728,OK,False,,40,K6_AND_OR_NAND_NOR_XOR_NOT,FULL,36,30.131657
1557,1728,OK,False,,40,K6_AND_OR_NAND_NOR_XOR_NOT,FULL,37,28.791975
1558,1728,OK,False,,40,K6_AND_OR_NAND_NOR_XOR_NOT,FULL,38,30.569845
1559,1728,OK,False,,40,K6_AND_OR_NAND_NOR_XOR_NOT,FULL,39,28.750820
1560,1728,OK,False,,40,K6_AND_OR_NAND_NOR_XOR_NOT,FULL,40,28.227178
1561,1728,OK,False,,40,K6_AND_OR_NAND_NOR_XOR_NOT,FULL,41,27.669092
1562,1728,OK,False,,40,K6_AND_OR_NAND_NOR_XOR_NOT,FULL,42,25.512370
1563,1728,OK,False,,40,K6_AND_OR_NAND_NOR_XOR_NOT,FULL,43,24.671712
1564,1728,OK,False,,40,K6_AND_OR_NAND_NOR_XOR_NOT,FULL,44,26.698101
1565,1728,OK,False,,40,K6_AND_OR_NAND_NOR_XOR_NOT,FULL,45,29.337169
1566,1728,OK,False,,40,K6_AND_OR_NAND_NOR_XOR_NOT,FULL,46,29.013112
1567,1728,OK,False,,40,K6_AND_OR_NAND_NOR_XNOR_NOT,FULL,20,25.678398
1568,1728,OK,False,,40,K6_AND_OR_NAND_NOR_XNOR_NOT,FULL,21,25.006247
1569,1728,OK,False,,40,K6_AND_OR_NAND_NOR_XNOR_NOT,FULL,22,27.973172
1570,1728,OK,False,,40,K6_AND_OR_NAND_NOR_XNOR_NOT,FULL,23,27.666575
1571,1728,OK,False,,40,K6_AND_OR_NAND_NOR_XNOR_NOT,FULL,24,27.080048
1572,1728,OK,False,,40,K6_AND_OR_NAND_NOR_XNOR_NOT,FULL,25,26.567101
1573,1728,OK,False,,40,K6_AND_OR_NAND_NOR_XNOR_NOT,FULL,26,27.601220
1574,1728,OK,False,,40,K6_AND_OR_NAND_NOR_XNOR_NOT,FULL,27,26.752450
1575,1728,OK,False,,40,K6_AND_OR_NAND_NOR_XNOR_NOT,FULL,28,29.777110
1576,1728,OK,False,,40,K6_AND_OR_NAND_NOR_XNOR_NOT,FULL,29,29.957695
1577,1728,OK,False,,40,K6_AND_OR_NAND_NOR_XNOR_NOT,FULL,30,27.100484
1578,1728,OK,False,,40,K6_AND_OR_NAND_NOR_XNOR_NOT,FULL,31,27.131284
1579,1728,OK,False,,40,K6_AND_OR_NAND_NOR_XNOR_NOT,FULL,32,27.006891
1580,1728,OK,False,,40,K6_AND_OR_NAND_NOR_XNOR_NOT,FULL,33,25.033993
1581,1728,OK,False,,40,K6_AND_OR_NAND_NOR_XNOR_NOT,FULL,34,26.521638
1582,1728,OK,False,,40,K6_AND_OR_NAND_NOR_XNOR_NOT,FULL,35,27.371275
1583,1728,OK,False,,40,K6_AND_OR_NAND_NOR_XNOR_NOT,FULL,36,27.727721
1584,1728,OK,False,,40,K6_AND_OR_NAND_NOR_XNOR_NOT,FULL,37,25.550474
1585,1728,OK,False,,40,K6_AND_OR_NAND_NOR_XNOR_NOT,FULL,38,26.337238
1586,1728,OK,False,,40,K6_AND_OR_NAND_NOR_XNOR_NOT,FULL,39,26.535577
1587,1728,OK,False,,40,K6_AND_OR_NAND_NOR_XNOR_NOT,FULL,40,24.019531
1588,1728,OK,False,,40,K6_AND_OR_NAND_NOR_XNOR_NOT,FULL,41,26.435935
1589,1728,OK,False,,40,K6_AND_OR_NAND_NOR_XNOR_NOT,FULL,42,27.852125
1590,1728,OK,False,,40,K6_AND_OR_NAND_NOR_XNOR_NOT,FULL,43,27.270966
1591,1728,OK,False,,40,K6_AND_OR_NAND_NOR_XNOR_NOT,FULL,44,26.246963
1592,1728,OK,False,,40,K6_AND_OR_NAND_NOR_XNOR_NOT,FULL,45,25.040461
1593,1728,OK,False,,40,K6_AND_OR_NAND_NOR_XNOR_NOT,FULL,46,31.444876
1594,1728,OK,False,,40,K6_AND_OR_NAND_XOR_XNOR_NOT,FULL,20,28.351606
1595,1728,OK,False,,40,K6_AND_OR_NAND_XOR_XNOR_NOT,FULL,21,27.078870
1596,1728,OK,False,,40,K6_AND_OR_NAND_XOR_XNOR_NOT,FULL,22,28.951232
1597,1728,OK,False,,40,K6_AND_OR_NAND_XOR_XNOR_NOT,FULL,23,26.912356
1598,1728,OK,False,,40,K6_AND_OR_NAND_XOR_XNOR_NOT,FULL,24,27.699071
1599,1728,OK,False,,40,K6_AND_OR_NAND_XOR_XNOR_NOT,FULL,25,25.356454
1600,1728,OK,False,,40,K6_AND_OR_NAND_XOR_XNOR_NOT,FULL,26,27.150051
1601,1728,OK,False,,40,K6_AND_OR_NAND_XOR_XNOR_NOT,FULL,27,26.912735
1602,1728,OK,False,,40,K6_AND_OR_NAND_XOR_XNOR_NOT,FULL,28,26.247251
1603,1728,OK,False,,40,K6_AND_OR_NAND_XOR_XNOR_NOT,FULL,29,25.429758
1604,1728,OK,False,,40,K6_AND_OR_NAND_XOR_XNOR_NOT,FULL,30,25.813523
1605,1728,OK,False,,40,K6_AND_OR_NAND_XOR_XNOR_NOT,FULL,31,25.614517
1606,1728,OK,False,,40,K6_AND_OR_NAND_XOR_XNOR_NOT,FULL,32,23.694995
1607,1728,OK,False,,40,K6_AND_OR_NAND_XOR_XNOR_NOT,FULL,33,27.152809
1608,1728,OK,False,,40,K6_AND_OR_NAND_XOR_XNOR_NOT,FULL,34,29.003416
1609,1728,OK,False,,40,K6_AND_OR_NAND_XOR_XNOR_NOT,FULL,35,28.681380
1610,1728,OK,False,,40,K6_AND_OR_NAND_XOR_XNOR_NOT,FULL,36,26.913995
1611,1728,OK,False,,40,K6_AND_OR_NAND_XOR_XNOR_NOT,FULL,37,25.826053
1612,1728,OK,False,,40,K6_AND_OR_NAND_XOR_XNOR_NOT,FULL,38,25.394941
1613,1728,OK,False,,40,K6_AND_OR_NAND_XOR_XNOR_NOT,FULL,39,25.708416
1614,1728,OK,False,,40,K6_AND_OR_NAND_XOR_XNOR_NOT,FULL,40,27.178873
1615,1728,OK,False,,40,K6_AND_OR_NAND_XOR_XNOR_NOT,FULL,41,24.861396
1616,1728,OK,False,,40,K6_AND_OR_NAND_XOR_XNOR_NOT,FULL,42,28.425749
1617,1728,OK,False,,40,K6_AND_OR_NAND_XOR_XNOR_NOT,FULL,43,28.339674
1618,1728,OK,False,,40,K6_AND_OR_NAND_XOR_XNOR_NOT,FULL,44,26.878231
1619,1728,OK,False,,40,K6_AND_OR_NAND_XOR_XNOR_NOT,FULL,45,27.045142
1620,1728,OK,False,,40,K6_AND_OR_NAND_XOR_XNOR_NOT,FULL,46,26.561302
1621,1728,OK,False,,40,K6_AND_OR_NOR_XOR_XNOR_NOT,FULL,20,26.068892
1622,1728,OK,False,,40,K6_AND_OR_NOR_XOR_XNOR_NOT,FULL,21,27.048880
1623,1728,OK,False,,40,K6_AND_OR_NOR_XOR_XNOR_NOT,FULL,22,26.205254
1624,1728,OK,False,,40,K6_AND_OR_NOR_XOR_XNOR_NOT,FULL,23,28.145690
1625,1728,OK,False,,40,K6_AND_OR_NOR_XOR_XNOR_NOT,FULL,24,30.481374
1626,1728,OK,False,,40,K6_AND_OR_NOR_XOR_XNOR_NOT,FULL,25,30.203662
1627,1728,OK,False,,40,K6_AND_OR_NOR_XOR_XNOR_NOT,FULL,26,33.294913
1628,1728,OK,False,,40,K6_AND_OR_NOR_XOR_XNOR_NOT,FULL,27,27.743329
1629,1728,OK,False,,40,K6_AND_OR_NOR_XOR_XNOR_NOT,FULL,28,28.827310
1630,1728,OK,False,,40,K6_AND_OR_NOR_XOR_XNOR_NOT,FULL,29,29.017549
1631,1728,OK,False,,40,K6_AND_OR_NOR_XOR_XNOR_NOT,FULL,30,26.400559
1632,1728,OK,False,,40,K6_AND_OR_NOR_XOR_XNOR_NOT,FULL,31,30.534872
1633,1728,OK,False,,40,K6_AND_OR_NOR_XOR_XNOR_NOT,FULL,32,28.060793
1634,1728,OK,False,,40,K6_AND_OR_NOR_XOR_XNOR_NOT,FULL,33,26.385523
1635,1728,OK,False,,40,K6_AND_OR_NOR_XOR_XNOR_NOT,FULL,34,27.780021
1636,1728,OK,False,,40,K6_AND_OR_NOR_XOR_XNOR_NOT,FULL,35,23.307630
1637,1728,OK,False,,40,K6_AND_OR_NOR_XOR_XNOR_NOT,FULL,36,29.394598
1638,1728,OK,False,,40,K6_AND_OR_NOR_XOR_XNOR_NOT,FULL,37,26.793880
1639,1728,OK,False,,40,K6_AND_OR_NOR_XOR_XNOR_NOT,FULL,38,28.392442
1640,1728,OK,False,,40,K6_AND_OR_NOR_XOR_XNOR_NOT,FULL,39,25.975892
1641,1728,OK,False,,40,K6_AND_OR_NOR_XOR_XNOR_NOT,FULL,40,24.124352
1642,1728,OK,False,,40,K6_AND_OR_NOR_XOR_XNOR_NOT,FULL,41,27.607843
1643,1728,OK,False,,40,K6_AND_OR_NOR_XOR_XNOR_NOT,FULL,42,25.940596
1644,1728,OK,False,,40,K6_AND_OR_NOR_XOR_XNOR_NOT,FULL,43,29.011782
1645,1728,OK,False,,40,K6_AND_OR_NOR_XOR_XNOR_NOT,FULL,44,27.985159
1646,1728,OK,False,,40,K6_AND_OR_NOR_XOR_XNOR_NOT,FULL,45,24.366704
1647,1728,OK,False,,40,K6_AND_OR_NOR_XOR_XNOR_NOT,FULL,46,28.248445
1648,1728,OK,False,,40,K6_AND_NAND_NOR_XOR_XNOR_NOT,FULL,20,28.925931
1649,1728,OK,False,,40,K6_AND_NAND_NOR_XOR_XNOR_NOT,FULL,21,28.393588
1650,1728,OK,False,,40,K6_AND_NAND_NOR_XOR_XNOR_NOT,FULL,22,27.831394
1651,1728,OK,False,,40,K6_AND_NAND_NOR_XOR_XNOR_NOT,FULL,23,31.180528
1652,1728,OK,False,,40,K6_AND_NAND_NOR_XOR_XNOR_NOT,FULL,24,23.386329
1653,1728,OK,False,,40,K6_AND_NAND_NOR_XOR_XNOR_NOT,FULL,25,28.285860
1654,1728,OK,False,,40,K6_AND_NAND_NOR_XOR_XNOR_NOT,FULL,26,26.351790
1655,1728,OK,False,,40,K6_AND_NAND_NOR_XOR_XNOR_NOT,FULL,27,27.593300
1656,1728,OK,False,,40,K6_AND_NAND_NOR_XOR_XNOR_NOT,FULL,28,24.603602
1657,1728,OK,False,,40,K6_AND_NAND_NOR_XOR_XNOR_NOT,FULL,29,27.490425
1658,1728,OK,False,,40,K6_AND_NAND_NOR_XOR_XNOR_NOT,FULL,30,27.483376
1659,1728,OK,False,,40,K6_AND_NAND_NOR_XOR_XNOR_NOT,FULL,31,27.985852
1660,1728,OK,False,,40,K6_AND_NAND_NOR_XOR_XNOR_NOT,FULL,32,27.111838
1661,1728,OK,False,,40,K6_AND_NAND_NOR_XOR_XNOR_NOT,FULL,33,25.684182
1662,1728,OK,False,,40,K6_AND_NAND_NOR_XOR_XNOR_NOT,FULL,34,25.004173
1663,1728,OK,False,,40,K6_AND_NAND_NOR_XOR_XNOR_NOT,FULL,35,26.028361
1664,1728,OK,False,,40,K6_AND_NAND_NOR_XOR_XNOR_NOT,FULL,36,24.132370
1665,1728,OK,False,,40,K6_AND_NAND_NOR_XOR_XNOR_NOT,FULL,37,27.942540
1666,1728,OK,False,,40,K6_AND_NAND_NOR_XOR_XNOR_NOT,FULL,38,28.609037
1667,1728,OK,False,,40,K6_AND_NAND_NOR_XOR_XNOR_NOT,FULL,39,27.021180
1668,1728,OK,False,,40,K6_AND_NAND_NOR_XOR_XNOR_NOT,FULL,40,27.610410
1669,1728,OK,False,,40,K6_AND_NAND_NOR_XOR_XNOR_NOT,FULL,41,28.993376
1670,1728,OK,False,,40,K6_AND_NAND_NOR_XOR_XNOR_NOT,FULL,42,29.885958
1671,1728,OK,False,,40,K6_AND_NAND_NOR_XOR_XNOR_NOT,FULL,43,27.033637
1672,1728,OK,False,,40,K6_AND_NAND_NOR_XOR_XNOR_NOT,FULL,44,28.183537
1673,1728,OK,False,,40,K6_AND_NAND_NOR_XOR_XNOR_NOT,FULL,45,28.377008
1674,1728,OK,False,,40,K6_AND_NAND_NOR_XOR_XNOR_NOT,FULL,46,43.721460
1675,1728,OK,False,,40,K6_OR_NAND_NOR_XOR_XNOR_NOT,FULL,20,43.872680
1676,1728,OK,False,,40,K6_OR_NAND_NOR_XOR_XNOR_NOT,FULL,21,26.738179
1677,1728,OK,False,,40,K6_OR_NAND_NOR_XOR_XNOR_NOT,FULL,22,34.319181
1678,1728,OK,False,,40,K6_OR_NAND_NOR_XOR_XNOR_NOT,FULL,23,39.018182
1679,1728,OK,False,,40,K6_OR_NAND_NOR_XOR_XNOR_NOT,FULL,24,33.752275
1680,1728,OK,False,,40,K6_OR_NAND_NOR_XOR_XNOR_NOT,FULL,25,34.444687
1681,1728,OK,False,,40,K6_OR_NAND_NOR_XOR_XNOR_NOT,FULL,26,26.949857
1682,1728,OK,False,,40,K6_OR_NAND_NOR_XOR_XNOR_NOT,FULL,27,30.952973
1683,1728,OK,False,,40,K6_OR_NAND_NOR_XOR_XNOR_NOT,FULL,28,26.131602
1684,1728,OK,False,,40,K6_OR_NAND_NOR_XOR_XNOR_NOT,FULL,29,29.138628
1685,1728,OK,False,,40,K6_OR_NAND_NOR_XOR_XNOR_NOT,FULL,30,27.066879
1686,1728,OK,False,,40,K6_OR_NAND_NOR_XOR_XNOR_NOT,FULL,31,26.546140
1687,1728,OK,False,,40,K6_OR_NAND_NOR_XOR_XNOR_NOT,FULL,32,27.401456
1688,1728,OK,False,,40,K6_OR_NAND_NOR_XOR_XNOR_NOT,FULL,33,28.777078
1689,1728,OK,False,,40,K6_OR_NAND_NOR_XOR_XNOR_NOT,FULL,34,30.469793
1690,1728,OK,False,,40,K6_OR_NAND_NOR_XOR_XNOR_NOT,FULL,35,25.954853
1691,1728,OK,False,,40,K6_OR_NAND_NOR_XOR_XNOR_NOT,FULL,36,27.808490
1692,1728,OK,False,,40,K6_OR_NAND_NOR_XOR_XNOR_NOT,FULL,37,26.930430
1693,1728,OK,False,,40,K6_OR_NAND_NOR_XOR_XNOR_NOT,FULL,38,28.503556
1694,1728,OK,False,,40,K6_OR_NAND_NOR_XOR_XNOR_NOT,FULL,39,29.386484
1695,1728,OK,False,,40,K6_OR_NAND_NOR_XOR_XNOR_NOT,FULL,40,26.446754
1696,1728,OK,False,,40,K6_OR_NAND_NOR_XOR_XNOR_NOT,FULL,41,26.596725
1697,1728,OK,False,,40,K6_OR_NAND_NOR_XOR_XNOR_NOT,FULL,42,29.235844
1698,1728,OK,False,,40,K6_OR_NAND_NOR_XOR_XNOR_NOT,FULL,43,27.568751
1699,1728,OK,False,,40,K6_OR_NAND_NOR_XOR_XNOR_NOT,FULL,44,27.950730
1700,1728,OK,False,,40,K6_OR_NAND_NOR_XOR_XNOR_NOT,FULL,45,29.319642
1701,1728,OK,False,,40,K6_OR_NAND_NOR_XOR_XNOR_NOT,FULL,46,31.442566
1702,1728,OK,False,,40,K7_AND_OR_NAND_NOR_XOR_XNOR_NOT,FULL,20,34.600757
1703,1728,OK,False,,40,K7_AND_OR_NAND_NOR_XOR_XNOR_NOT,FULL,21,29.616078
1704,1728,OK,False,,40,K7_AND_OR_NAND_NOR_XOR_XNOR_NOT,FULL,22,27.383285
1705,1728,OK,False,,40,K7_AND_OR_NAND_NOR_XOR_XNOR_NOT,FULL,23,28.622913
1706,1728,OK,False,,40,K7_AND_OR_NAND_NOR_XOR_XNOR_NOT,FULL,24,30.952028
1707,1728,OK,False,,40,K7_AND_OR_NAND_NOR_XOR_XNOR_NOT,FULL,25,27.459653
1708,1728,OK,False,,40,K7_AND_OR_NAND_NOR_XOR_XNOR_NOT,FULL,26,24.917610
1709,1728,OK,False,,40,K7_AND_OR_NAND_NOR_XOR_XNOR_NOT,FULL,27,27.385264
1710,1728,OK,False,,40,K7_AND_OR_NAND_NOR_XOR_XNOR_NOT,FULL,28,27.519072
1711,1728,OK,False,,40,K7_AND_OR_NAND_NOR_XOR_XNOR_NOT,FULL,29,27.553698
1712,1728,OK,False,,40,K7_AND_OR_NAND_NOR_XOR_XNOR_NOT,FULL,30,27.089171
1713,1728,OK,False,,40,K7_AND_OR_NAND_NOR_XOR_XNOR_NOT,FULL,31,23.982490
1714,1728,OK,False,,40,K7_AND_OR_NAND_NOR_XOR_XNOR_NOT,FULL,32,28.806686
1715,1728,OK,False,,40,K7_AND_OR_NAND_NOR_XOR_XNOR_NOT,FULL,33,27.709222
1716,1728,OK,False,,40,K7_AND_OR_NAND_NOR_XOR_XNOR_NOT,FULL,34,29.436420
1717,1728,OK,False,,40,K7_AND_OR_NAND_NOR_XOR_XNOR_NOT,FULL,35,34.684313
1718,1728,OK,False,,40,K7_AND_OR_NAND_NOR_XOR_XNOR_NOT,FULL,36,29.383264
1719,1728,OK,False,,40,K7_AND_OR_NAND_NOR_XOR_XNOR_NOT,FULL,37,28.612810
1720,1728,OK,False,,40,K7_AND_OR_NAND_NOR_XOR_XNOR_NOT,FULL,38,28.082248
1721,1728,OK,False,,40,K7_AND_OR_NAND_NOR_XOR_XNOR_NOT,FULL,39,31.880551
1722,1728,OK,False,,40,K7_AND_OR_NAND_NOR_XOR_XNOR_NOT,FULL,40,33.067721
1723,1728,OK,False,,40,K7_AND_OR_NAND_NOR_XOR_XNOR_NOT,FULL,41,35.786342
1724,1728,OK,False,,40,K7_AND_OR_NAND_NOR_XOR_XNOR_NOT,FULL,42,34.972979
1725,1728,OK,False,,40,K7_AND_OR_NAND_NOR_XOR_XNOR_NOT,FULL,43,31.143351
1726,1728,OK,False,,40,K7_AND_OR_NAND_NOR_XOR_XNOR_NOT,FULL,44,33.879171
1727,1728,OK,False,,40,K7_AND_OR_NAND_NOR_XOR_XNOR_NOT,FULL,45,35.635428
1728,1728,OK,False,,40,K7_AND_OR_NAND_NOR_XOR_XNOR_NOT,FULL,46,35.243201
